Restaurant Name,Chain Name,Category,Item Name,Price,Description,Is Sold Out,Address,City,Latitude,Longitude,Rating,Review Count,Cuisines,Minimum Order,Opening Hours,Closing Hours,Restaurant Image,Item Image,Web Link
Delifrance - Casablanca,Delifrance Gulshan Avenue,Whole Cake,Chocolate Cake Whole Cake - 1 kg,2789.9998884,1 kg Whole Cake - A rich & moist chocolate cake slice with a decadent chocolate ganache,False,"114 Casablanca (1st floor),  Gulshan Ave, Dhaka 1212",Dhaka,23.7892033,90.4165361,4.9,1167,"Cakes, Fast Food, Beverage",50,07:00,23:59,https://images.deliveryhero.io/image/fd-bd/LH/ccej-hero.jpg,https://images.deliveryhero.io/image/global-menu-service/FP_BD/vendor/vei7/product/10135324/b0c0741b-d59d-4044-ac73-fe6646df2b52.jpg?width=400,https://www.foodpanda.com.bd/restaurant/ccej/delifrance-casablanca
Delifrance - Casablanca,Delifrance Gulshan Avenue,Whole Cake,Carrot Cake Whole Cake - 1 kg,3989.9998404,"1 kg Whole Cake - A moist & flavorful cake prepared with grated carrot, spice & a creamy cheese frosting",False,"114 Casablanca (1st floor),  Gulshan Ave, Dhaka 1212",Dhaka,23.7892033,90.4165361,4.9,1167,"Cakes, Fast Food, Beverage",50,07:00,23:59,https://images.deliveryhero.io/image/fd-bd/LH/ccej-hero.jpg,https://images.deliveryhero.io/image/global-menu-service/FP_BD/vendor/vei7/product/10135325/824d218b-58c0-4ef6-9b50-d087a4e4ed7b.jpg?width=400,https://www.foodpanda.com.bd/restaurant/ccej/delifrance-casablanca
Delifrance - Casablanca,Delifrance Gulshan Avenue,Whole Cake,Cheesecake Whole Cake - 1 kg,3789.9998484,1 kg Whole Cake - A smaller portion of our creamy & classic cheesecake with a graham cracker crust,False,"114 Casablanca (1st floor),  Gulshan Ave, Dhaka 1212",Dhaka,23.7892033,90.4165361,4.9,1167,"Cakes, Fast Food, Beverage",50,07:00,23:59,https://images.deliveryhero.io/image/fd-bd/LH/ccej-hero.jpg,https://images.deliveryhero.io/image/global-menu-service/FP_BD/vendor/vei7/product/10135326/ea64c235-1797-4c07-be5c-fb8236b4c4ff.jpg?width=400,https://www.foodpanda.com.bd/restaurant/ccej/delifrance-casablanca
Delifrance - Casablanca,Delifrance Gulshan Avenue,Whole Cake,Nutella Cheesecake Whole Cake - 1.15 kg,4489.9998204,1.15 kg Whole Cake - A smaller slice of our decadent cheesecake with a swirl of rich nutella,False,"114 Casablanca (1st floor),  Gulshan Ave, Dhaka 1212",Dhaka,23.7892033,90.4165361,4.9,1167,"Cakes, Fast Food, Beverage",50,07:00,23:59,https://images.deliveryhero.io/image/fd-bd/LH/ccej-hero.jpg,https://images.deliveryhero.io/image/global-menu-service/FP_BD/vendor/vei7/product/10135327/5e82aa8a-5d11-4f0f-b53e-4586e850b115.jpg?width=400,https://www.foodpanda.com.bd/restaurant/ccej/delifrance-casablanca
Delifrance - Casablanca,Delifrance Gulshan Avenue,Whole Cake,Blueberry Cheesecake Whole Cake - 1.15 kg,4489.9998204,1.15 kg Whole Cake - A smaller portion of our classic cheesecake topped with a sweet & tangy blueberry compote,False,"114 Casablanca (1st floor),  Gulshan Ave, Dhaka 1212",Dhaka,23.7892033,90.4165361,4.9,1167,"Cakes, Fast Food, Beverage",50,07:00,23:59,https://images.deliveryhero.io/image/fd-bd/LH/ccej-hero.jpg,https://images.deliveryhero.io/image/global-menu-service/FP_BD/vendor/vei7/product/10135328/7be6caa1-a7b0-42e6-8219-3c3a53dda5b3.jpg?width=400,https://www.foodpanda.com.bd/restaurant/ccej/delifrance-casablanca
Delifrance - Casablanca,Delifrance Gulshan Avenue,Whole Cake,Chocolate Tart Whole ,2989.9998804,"1 kg Whole Cake - A silky smooth dark chocolate ganache filled into a buttery, crumbly sweet crust			",False,"114 Casablanca (1st floor),  Gulshan Ave, Dhaka 1212",Dhaka,23.7892033,90.4165361,4.9,1167,"Cakes, Fast Food, Beverage",50,07:00,23:59,https://images.deliveryhero.io/image/fd-bd/LH/ccej-hero.jpg,https://images.deliveryhero.io/image/global-menu-service/FP_BD/vendor/vei7/product/10135329/826a6129-f180-45d8-a926-dafd04c5d73e.jpg?width=400,https://www.foodpanda.com.bd/restaurant/ccej/delifrance-casablanca
Delifrance - Casablanca,Delifrance Gulshan Avenue,Whole Cake,New York Cheesecake - 500 gm,2298.9999745,500 gm - Classic baked cheesecake with creamy cheese filling & buttery biscuit crust,False,"114 Casablanca (1st floor),  Gulshan Ave, Dhaka 1212",Dhaka,23.7892033,90.4165361,4.9,1167,"Cakes, Fast Food, Beverage",50,07:00,23:59,https://images.deliveryhero.io/image/fd-bd/LH/ccej-hero.jpg,https://images.deliveryhero.io/image/global-menu-service/FP_BD/vendor/biq9/product/10200172/195ba880-453a-493b-916c-ceeda768cd2c.jpg?width=400,https://www.foodpanda.com.bd/restaurant/ccej/delifrance-casablanca
Delifrance - Casablanca,Delifrance Gulshan Avenue,Slice Cake,Carrot Cake Slice - 80-85 gm,399.0,"1 slice - A moist & flavorful cake prepared with grated carrot, spice & a creamy cheese frosting",False,"114 Casablanca (1st floor),  Gulshan Ave, Dhaka 1212",Dhaka,23.7892033,90.4165361,4.9,1167,"Cakes, Fast Food, Beverage",50,07:00,23:59,https://images.deliveryhero.io/image/fd-bd/LH/ccej-hero.jpg,https://images.deliveryhero.io/image/fd-bd/Products/9088531.jpg?width=400,https://www.foodpanda.com.bd/restaurant/ccej/delifrance-casablanca
Delifrance - Casablanca,Delifrance Gulshan Avenue,Slice Cake,Cheesecake Slice - 80-85 gm,379.0,1 slice - A smaller portion of our creamy & classic cheesecake with a graham cracker crust,False,"114 Casablanca (1st floor),  Gulshan Ave, Dhaka 1212",Dhaka,23.7892033,90.4165361,4.9,1167,"Cakes, Fast Food, Beverage",50,07:00,23:59,https://images.deliveryhero.io/image/fd-bd/LH/ccej-hero.jpg,https://images.deliveryhero.io/image/fd-bd/Products/9088532.jpg?width=400,https://www.foodpanda.com.bd/restaurant/ccej/delifrance-casablanca
Delifrance - Casablanca,Delifrance Gulshan Avenue,Slice Cake,Nutella Cheesecake Slice - 90-100 gm,449.0,1 slice - A smaller slice of our decadent cheesecake with a swirl of rich nutella,False,"114 Casablanca (1st floor),  Gulshan Ave, Dhaka 1212",Dhaka,23.7892033,90.4165361,4.9,1167,"Cakes, Fast Food, Beverage",50,07:00,23:59,https://images.deliveryhero.io/image/fd-bd/LH/ccej-hero.jpg,https://images.deliveryhero.io/image/fd-bd/Products/9088533.jpg?width=400,https://www.foodpanda.com.bd/restaurant/ccej/delifrance-casablanca
Delifrance - Casablanca,Delifrance Gulshan Avenue,Slice Cake,Blueberry Cheesecake Slice - 90-100 gm,449.0,1 slice - A smaller portion of our classic cheesecake topped with a sweet & tangy blueberry compote,False,"114 Casablanca (1st floor),  Gulshan Ave, Dhaka 1212",Dhaka,23.7892033,90.4165361,4.9,1167,"Cakes, Fast Food, Beverage",50,07:00,23:59,https://images.deliveryhero.io/image/fd-bd/LH/ccej-hero.jpg,https://images.deliveryhero.io/image/fd-bd/Products/9088534.jpg?width=400,https://www.foodpanda.com.bd/restaurant/ccej/delifrance-casablanca
Delifrance - Casablanca,Delifrance Gulshan Avenue,Slice Cake,Chocolate Tart Slice - 80-85 gm,299.0,"1 slice - A silky smooth dark chocolate ganache filled into a buttery, crumbly sweet crust			",False,"114 Casablanca (1st floor),  Gulshan Ave, Dhaka 1212",Dhaka,23.7892033,90.4165361,4.9,1167,"Cakes, Fast Food, Beverage",50,07:00,23:59,https://images.deliveryhero.io/image/fd-bd/LH/ccej-hero.jpg,https://images.deliveryhero.io/image/global-menu-service/FP_BD/vendor/vei7/product/10135322/22525e61-61c6-46ac-9c60-daefd1a65adb.jpg?width=400,https://www.foodpanda.com.bd/restaurant/ccej/delifrance-casablanca
Delifrance - Casablanca,Delifrance Gulshan Avenue,Weekday BOGO,(Buy 1 Get 1) Butter & Honey Croiffle - Get Single Regular Americano or Cappuccino,319.0,1 pc - A delightful croiffle served warm with a drizzle of sweet honey & a pat of butter [If taken Cappuccino from choices then 99 taka will be added],False,"114 Casablanca (1st floor),  Gulshan Ave, Dhaka 1212",Dhaka,23.7892033,90.4165361,4.9,1167,"Cakes, Fast Food, Beverage",50,07:00,23:59,https://images.deliveryhero.io/image/fd-bd/LH/ccej-hero.jpg,https://images.deliveryhero.io/image/fd-bd/Products/9204885.jpg?width=400,https://www.foodpanda.com.bd/restaurant/ccej/delifrance-casablanca
Delifrance - Casablanca,Delifrance Gulshan Avenue,Weekday BOGO,(Buy 1 Get 1) Chocolate Croissant - Get Single Regular Americano or Cappuccino,339.0,"1 pc - Traditional french pastry made from layers of buttery, flaky croissant dough filled with chocolate;		 Get another item free from the choice group [If taken Cappuccino from choices then 99 taka will be added]",False,"114 Casablanca (1st floor),  Gulshan Ave, Dhaka 1212",Dhaka,23.7892033,90.4165361,4.9,1167,"Cakes, Fast Food, Beverage",50,07:00,23:59,https://images.deliveryhero.io/image/fd-bd/LH/ccej-hero.jpg,https://images.deliveryhero.io/image/fd-bd/Products/9204878.jpg?width=400,https://www.foodpanda.com.bd/restaurant/ccej/delifrance-casablanca
Delifrance - Casablanca,Delifrance Gulshan Avenue,Weekday BOGO,(Buy 1 Get 1) Almond Croissant - Get Single Regular Americano or Cappuccino,359.0,"1 pc - The croissants are filled with a classic French crème d'amande, consisting of almond flour mixed with butter, eggs & almond extract; Get another item free from the choice group [If taken Cappuccino from choices then 99 taka will be added]",False,"114 Casablanca (1st floor),  Gulshan Ave, Dhaka 1212",Dhaka,23.7892033,90.4165361,4.9,1167,"Cakes, Fast Food, Beverage",50,07:00,23:59,https://images.deliveryhero.io/image/fd-bd/LH/ccej-hero.jpg,https://images.deliveryhero.io/image/fd-bd/Products/9204880.jpg?width=400,https://www.foodpanda.com.bd/restaurant/ccej/delifrance-casablanca
Delifrance - Casablanca,Delifrance Gulshan Avenue,Weekday BOGO,(Buy 1 Get 1) Flat Butter Croissant - Get Single Regular Americano or Cappuccino,419.0,"1 pc - A unique, flattened version of our classic butter croissant, crispy & delicious; Get another item free from the choice group [If taken Cappuccino from choices then 99 taka will be added]",False,"114 Casablanca (1st floor),  Gulshan Ave, Dhaka 1212",Dhaka,23.7892033,90.4165361,4.9,1167,"Cakes, Fast Food, Beverage",50,07:00,23:59,https://images.deliveryhero.io/image/fd-bd/LH/ccej-hero.jpg,https://images.deliveryhero.io/image/fd-bd/Products/9204881.jpg?width=400,https://www.foodpanda.com.bd/restaurant/ccej/delifrance-casablanca
Delifrance - Casablanca,Delifrance Gulshan Avenue,All Day Breakfast,Butter Croissant with Cream Cheese,419.0,"1 pc - A flaky, buttery croissant served with a side of rich cream cheese",False,"114 Casablanca (1st floor),  Gulshan Ave, Dhaka 1212",Dhaka,23.7892033,90.4165361,4.9,1167,"Cakes, Fast Food, Beverage",50,07:00,23:59,https://images.deliveryhero.io/image/fd-bd/LH/ccej-hero.jpg,https://images.deliveryhero.io/image/fd-bd/Products/9088472.jpg?width=400,https://www.foodpanda.com.bd/restaurant/ccej/delifrance-casablanca
Delifrance - Casablanca,Delifrance Gulshan Avenue,All Day Breakfast,Egg & Cheese Croissant,399.0,1 pc - A delicious croissant filled with a fluffy scrambled egg & melted cheese,False,"114 Casablanca (1st floor),  Gulshan Ave, Dhaka 1212",Dhaka,23.7892033,90.4165361,4.9,1167,"Cakes, Fast Food, Beverage",50,07:00,23:59,https://images.deliveryhero.io/image/fd-bd/LH/ccej-hero.jpg,https://images.deliveryhero.io/image/fd-bd/Products/9088473.jpg?width=400,https://www.foodpanda.com.bd/restaurant/ccej/delifrance-casablanca
Delifrance - Casablanca,Delifrance Gulshan Avenue,All Day Breakfast,Classic Waffle,469.0,1:1 - A golden & crisp waffle served with your choice of syrup or topping,False,"114 Casablanca (1st floor),  Gulshan Ave, Dhaka 1212",Dhaka,23.7892033,90.4165361,4.9,1167,"Cakes, Fast Food, Beverage",50,07:00,23:59,https://images.deliveryhero.io/image/fd-bd/LH/ccej-hero.jpg,https://images.deliveryhero.io/image/fd-bd/Products/9088474.jpg?width=400,https://www.foodpanda.com.bd/restaurant/ccej/delifrance-casablanca
Delifrance - Casablanca,Delifrance Gulshan Avenue,All Day Breakfast,Classic Pancake,499.0,1:1 - A stack of fluffy pancake served with butter & maple syrup,False,"114 Casablanca (1st floor),  Gulshan Ave, Dhaka 1212",Dhaka,23.7892033,90.4165361,4.9,1167,"Cakes, Fast Food, Beverage",50,07:00,23:59,https://images.deliveryhero.io/image/fd-bd/LH/ccej-hero.jpg,https://images.deliveryhero.io/image/fd-bd/Products/9088475.jpg?width=400,https://www.foodpanda.com.bd/restaurant/ccej/delifrance-casablanca
Delifrance - Casablanca,Delifrance Gulshan Avenue,All Day Breakfast,Chicken Egg & Cheese Croissant,499.0,"1 pc - A savory croissant filled with tender chicken, scrambled egg & melted cheese",False,"114 Casablanca (1st floor),  Gulshan Ave, Dhaka 1212",Dhaka,23.7892033,90.4165361,4.9,1167,"Cakes, Fast Food, Beverage",50,07:00,23:59,https://images.deliveryhero.io/image/fd-bd/LH/ccej-hero.jpg,https://images.deliveryhero.io/image/fd-bd/Products/9088476.jpg?width=400,https://www.foodpanda.com.bd/restaurant/ccej/delifrance-casablanca
Delifrance - Casablanca,Delifrance Gulshan Avenue,All Day Breakfast,French Toast,599.0,"1:1 - Classic french toast prepared with thick bread slice, egg & cinnamon, served with syrup",False,"114 Casablanca (1st floor),  Gulshan Ave, Dhaka 1212",Dhaka,23.7892033,90.4165361,4.9,1167,"Cakes, Fast Food, Beverage",50,07:00,23:59,https://images.deliveryhero.io/image/fd-bd/LH/ccej-hero.jpg,https://images.deliveryhero.io/image/fd-bd/Products/9088477.jpg?width=400,https://www.foodpanda.com.bd/restaurant/ccej/delifrance-casablanca
Delifrance - Casablanca,Delifrance Gulshan Avenue,All Day Breakfast,Loaded Croissant,599.0,1 pc - A decadent croissant loaded with a variety of savory filling,False,"114 Casablanca (1st floor),  Gulshan Ave, Dhaka 1212",Dhaka,23.7892033,90.4165361,4.9,1167,"Cakes, Fast Food, Beverage",50,07:00,23:59,https://images.deliveryhero.io/image/fd-bd/LH/ccej-hero.jpg,https://images.deliveryhero.io/image/fd-bd/Products/9088478.jpg?width=400,https://www.foodpanda.com.bd/restaurant/ccej/delifrance-casablanca
Delifrance - Casablanca,Delifrance Gulshan Avenue,All Day Breakfast,"Scrambled Egg, Hash Brown & Sausage with Croissant",719.0,"1:1 - Consists of fluffy scrambled egg, a crispy hash brown, savory sausage & a butter croissant",False,"114 Casablanca (1st floor),  Gulshan Ave, Dhaka 1212",Dhaka,23.7892033,90.4165361,4.9,1167,"Cakes, Fast Food, Beverage",50,07:00,23:59,https://images.deliveryhero.io/image/fd-bd/LH/ccej-hero.jpg,https://images.deliveryhero.io/image/fd-bd/Products/9088479.jpg?width=400,https://www.foodpanda.com.bd/restaurant/ccej/delifrance-casablanca
Delifrance - Casablanca,Delifrance Gulshan Avenue,All Day Breakfast,Choco Chip Pancakes,719.0,1:1 - A stack of fluffy pancake loaded with chocolate chip & served with syrup,False,"114 Casablanca (1st floor),  Gulshan Ave, Dhaka 1212",Dhaka,23.7892033,90.4165361,4.9,1167,"Cakes, Fast Food, Beverage",50,07:00,23:59,https://images.deliveryhero.io/image/fd-bd/LH/ccej-hero.jpg,https://images.deliveryhero.io/image/fd-bd/Products/9088480.jpg?width=400,https://www.foodpanda.com.bd/restaurant/ccej/delifrance-casablanca
Delifrance - Casablanca,Delifrance Gulshan Avenue,All Day Breakfast,Blueberry Pancakes,719.0,1:1 - A stack of fluffy pancake studded with sweet blueberry & served with syrup,False,"114 Casablanca (1st floor),  Gulshan Ave, Dhaka 1212",Dhaka,23.7892033,90.4165361,4.9,1167,"Cakes, Fast Food, Beverage",50,07:00,23:59,https://images.deliveryhero.io/image/fd-bd/LH/ccej-hero.jpg,https://images.deliveryhero.io/image/fd-bd/Products/9088481.jpg?width=400,https://www.foodpanda.com.bd/restaurant/ccej/delifrance-casablanca
Delifrance - Casablanca,Delifrance Gulshan Avenue,All Day Breakfast,Croissant French Toast,719.0,1:1 - A unique & delicious french toast prepared with a flaky croissant,False,"114 Casablanca (1st floor),  Gulshan Ave, Dhaka 1212",Dhaka,23.7892033,90.4165361,4.9,1167,"Cakes, Fast Food, Beverage",50,07:00,23:59,https://images.deliveryhero.io/image/fd-bd/LH/ccej-hero.jpg,https://images.deliveryhero.io/image/fd-bd/Products/9088482.jpg?width=400,https://www.foodpanda.com.bd/restaurant/ccej/delifrance-casablanca
Delifrance - Casablanca,Delifrance Gulshan Avenue,All Day Breakfast,"Bacon Omelette, Hash Brown & Sausage with Croissant",769.0,"1:1 - Consists of a savory bacon omelette, a crispy hash brown, savory sausage & a butter croissant",False,"114 Casablanca (1st floor),  Gulshan Ave, Dhaka 1212",Dhaka,23.7892033,90.4165361,4.9,1167,"Cakes, Fast Food, Beverage",50,07:00,23:59,https://images.deliveryhero.io/image/fd-bd/LH/ccej-hero.jpg,https://images.deliveryhero.io/image/fd-bd/Products/9088483.jpg?width=400,https://www.foodpanda.com.bd/restaurant/ccej/delifrance-casablanca
Delifrance - Casablanca,Delifrance Gulshan Avenue,All Day Breakfast,Nutella French Toast,769.0,1:1 - Indulgent french toast drizzled with rich nutella & powdered sugar,False,"114 Casablanca (1st floor),  Gulshan Ave, Dhaka 1212",Dhaka,23.7892033,90.4165361,4.9,1167,"Cakes, Fast Food, Beverage",50,07:00,23:59,https://images.deliveryhero.io/image/fd-bd/LH/ccej-hero.jpg,https://images.deliveryhero.io/image/fd-bd/Products/9088484.jpg?width=400,https://www.foodpanda.com.bd/restaurant/ccej/delifrance-casablanca
Delifrance - Casablanca,Delifrance Gulshan Avenue,All Day Breakfast,Blueberry French Toast,819.0,1:1 - Delightful french toast topped with a sweet & tangy blueberry compote,False,"114 Casablanca (1st floor),  Gulshan Ave, Dhaka 1212",Dhaka,23.7892033,90.4165361,4.9,1167,"Cakes, Fast Food, Beverage",50,07:00,23:59,https://images.deliveryhero.io/image/fd-bd/LH/ccej-hero.jpg,https://images.deliveryhero.io/image/fd-bd/Products/9088485.jpg?width=400,https://www.foodpanda.com.bd/restaurant/ccej/delifrance-casablanca
Delifrance - Casablanca,Delifrance Gulshan Avenue,All Day Breakfast,English Breakfast,869.0,1:1 - A hearty & traditional english breakfast with all the classic component,False,"114 Casablanca (1st floor),  Gulshan Ave, Dhaka 1212",Dhaka,23.7892033,90.4165361,4.9,1167,"Cakes, Fast Food, Beverage",50,07:00,23:59,https://images.deliveryhero.io/image/fd-bd/LH/ccej-hero.jpg,https://images.deliveryhero.io/image/fd-bd/Products/9088486.jpg?width=400,https://www.foodpanda.com.bd/restaurant/ccej/delifrance-casablanca
Delifrance - Casablanca,Delifrance Gulshan Avenue,Breakfast Combo,Breakfast Combo - 1,919.0,"1:1 - Consists of 2 pcs french toast, 2 pcs hash browns, 1 pc chicken sausage, whipped cream, maple syrup, butter, strawberry jam & coffee choice of americano or cappuccino",False,"114 Casablanca (1st floor),  Gulshan Ave, Dhaka 1212",Dhaka,23.7892033,90.4165361,4.9,1167,"Cakes, Fast Food, Beverage",50,07:00,23:59,https://images.deliveryhero.io/image/fd-bd/LH/ccej-hero.jpg,https://images.deliveryhero.io/image/fd-bd/products/9088568.jpg?width=400,https://www.foodpanda.com.bd/restaurant/ccej/delifrance-casablanca
Delifrance - Casablanca,Delifrance Gulshan Avenue,Breakfast Combo,Breakfast Combo - 3,1019.0,1:1 - Consists of english breakfast with choice of coffee - americano or cappuccino,False,"114 Casablanca (1st floor),  Gulshan Ave, Dhaka 1212",Dhaka,23.7892033,90.4165361,4.9,1167,"Cakes, Fast Food, Beverage",50,07:00,23:59,https://images.deliveryhero.io/image/fd-bd/LH/ccej-hero.jpg,https://images.deliveryhero.io/image/fd-bd/Products/9088570.jpg?width=400,https://www.foodpanda.com.bd/restaurant/ccej/delifrance-casablanca
Delifrance - Casablanca,Delifrance Gulshan Avenue,Breakfast Combo,Breakfast Combo - 2,1019.0,"1:1 - Consists of butter croissant, 2 pcs hash browns, choice of egg - bacon omlette, scrambled egg or egg omelette, 1 pc chicken sausage, butter, strawberry jam & choice of coffee - americano or cappuccino",False,"114 Casablanca (1st floor),  Gulshan Ave, Dhaka 1212",Dhaka,23.7892033,90.4165361,4.9,1167,"Cakes, Fast Food, Beverage",50,07:00,23:59,https://images.deliveryhero.io/image/fd-bd/LH/ccej-hero.jpg,https://images.deliveryhero.io/image/fd-bd/Products/9088569.jpg?width=400,https://www.foodpanda.com.bd/restaurant/ccej/delifrance-casablanca
Delifrance - Casablanca,Delifrance Gulshan Avenue,Brunch,Deshi Omelette,519.0,"1:1 - An omelette filled with spicy chicken, tomatoes, capsicum, onions, green chilies and coriander served with hash brown & butter croissant",False,"114 Casablanca (1st floor),  Gulshan Ave, Dhaka 1212",Dhaka,23.7892033,90.4165361,4.9,1167,"Cakes, Fast Food, Beverage",50,07:00,23:59,https://images.deliveryhero.io/image/fd-bd/LH/ccej-hero.jpg,https://images.deliveryhero.io/image/fd-bd/Products/9088571.jpg?width=400,https://www.foodpanda.com.bd/restaurant/ccej/delifrance-casablanca
Delifrance - Casablanca,Delifrance Gulshan Avenue,Brunch,Veggie Omelette,569.0,"1:1 - An omelette filled with capsicum, onions, mushrooms, tomatoes and mozzarella cheese served with hash brown & butter croissant",False,"114 Casablanca (1st floor),  Gulshan Ave, Dhaka 1212",Dhaka,23.7892033,90.4165361,4.9,1167,"Cakes, Fast Food, Beverage",50,07:00,23:59,https://images.deliveryhero.io/image/fd-bd/LH/ccej-hero.jpg,https://images.deliveryhero.io/image/fd-bd/Products/9088572.jpg?width=400,https://www.foodpanda.com.bd/restaurant/ccej/delifrance-casablanca
Delifrance - Casablanca,Delifrance Gulshan Avenue,Brunch,Chicken Sausage Omelette,619.0,"1:1 - An omelette filled with sauteed capsicum, chicken sausage, mushrooms and mozzarella cheese served with hash brown & butter croissant",False,"114 Casablanca (1st floor),  Gulshan Ave, Dhaka 1212",Dhaka,23.7892033,90.4165361,4.9,1167,"Cakes, Fast Food, Beverage",50,07:00,23:59,https://images.deliveryhero.io/image/fd-bd/LH/ccej-hero.jpg,https://images.deliveryhero.io/image/fd-bd/Products/9088573.jpg?width=400,https://www.foodpanda.com.bd/restaurant/ccej/delifrance-casablanca
Delifrance - Casablanca,Delifrance Gulshan Avenue,Brunch,Spicy Chicken Omlette,649.0,"1:1 - An omlette filled with spicy chicken, onions, green chilies, jalpenos and cheddar cheese served with hash browns and a butter croissant",False,"114 Casablanca (1st floor),  Gulshan Ave, Dhaka 1212",Dhaka,23.7892033,90.4165361,4.9,1167,"Cakes, Fast Food, Beverage",50,07:00,23:59,https://images.deliveryhero.io/image/fd-bd/LH/ccej-hero.jpg,https://images.deliveryhero.io/image/fd-bd/Products/9088574.jpg?width=400,https://www.foodpanda.com.bd/restaurant/ccej/delifrance-casablanca
Delifrance - Casablanca,Delifrance Gulshan Avenue,Brunch,Cheese & Mushroom Omelette,669.0,"1:1 - An omelette filled with fresh sauteed mushrooms, mozzarella cheese and sliced cheese served with hash brown & butter croissant",False,"114 Casablanca (1st floor),  Gulshan Ave, Dhaka 1212",Dhaka,23.7892033,90.4165361,4.9,1167,"Cakes, Fast Food, Beverage",50,07:00,23:59,https://images.deliveryhero.io/image/fd-bd/LH/ccej-hero.jpg,https://images.deliveryhero.io/image/fd-bd/Products/9088577.jpg?width=400,https://www.foodpanda.com.bd/restaurant/ccej/delifrance-casablanca
Delifrance - Casablanca,Delifrance Gulshan Avenue,Brunch,Ham & Cheese Omlette,669.0,"1:1 - An omlette filled with sliced chicken ham, mozzarella cheese and spring onions served with a butter croissant and hash browns",False,"114 Casablanca (1st floor),  Gulshan Ave, Dhaka 1212",Dhaka,23.7892033,90.4165361,4.9,1167,"Cakes, Fast Food, Beverage",50,07:00,23:59,https://images.deliveryhero.io/image/fd-bd/LH/ccej-hero.jpg,https://images.deliveryhero.io/image/fd-bd/Products/9088575.jpg?width=400,https://www.foodpanda.com.bd/restaurant/ccej/delifrance-casablanca
Delifrance - Casablanca,Delifrance Gulshan Avenue,Brunch,Italian Omelette,669.0,"1:1 - An omlette filled with sauteed chicken, tomatoes, mozzarella cheese, parmesan cheese and fresh basil served with hash brown & butter croissant",False,"114 Casablanca (1st floor),  Gulshan Ave, Dhaka 1212",Dhaka,23.7892033,90.4165361,4.9,1167,"Cakes, Fast Food, Beverage",50,07:00,23:59,https://images.deliveryhero.io/image/fd-bd/LH/ccej-hero.jpg,https://images.deliveryhero.io/image/fd-bd/Products/9088578.jpg?width=400,https://www.foodpanda.com.bd/restaurant/ccej/delifrance-casablanca
Delifrance - Casablanca,Delifrance Gulshan Avenue,Brunch,Sausage & Mushroom Omelette,669.0,"1:1 - An omelette filled with sauteed chicken sausage, fresh mushrooms and mozzarella cheese served with hash brown & butter croissant",False,"114 Casablanca (1st floor),  Gulshan Ave, Dhaka 1212",Dhaka,23.7892033,90.4165361,4.9,1167,"Cakes, Fast Food, Beverage",50,07:00,23:59,https://images.deliveryhero.io/image/fd-bd/LH/ccej-hero.jpg,https://images.deliveryhero.io/image/fd-bd/Products/9088576.jpg?width=400,https://www.foodpanda.com.bd/restaurant/ccej/delifrance-casablanca
Delifrance - Casablanca,Delifrance Gulshan Avenue,Brunch,Omlette Du Fromage,719.0,"1:1 - A classic four cheese omlet filled with mozzarella, parmesan, cheddar and cream cheeses served with hash browns and our signature butter croissant",False,"114 Casablanca (1st floor),  Gulshan Ave, Dhaka 1212",Dhaka,23.7892033,90.4165361,4.9,1167,"Cakes, Fast Food, Beverage",50,07:00,23:59,https://images.deliveryhero.io/image/fd-bd/LH/ccej-hero.jpg,https://images.deliveryhero.io/image/fd-bd/Products/9088581.jpg?width=400,https://www.foodpanda.com.bd/restaurant/ccej/delifrance-casablanca
Delifrance - Casablanca,Delifrance Gulshan Avenue,Brunch,Croque Monsieur,799.0,"1:1 - An indulgent hot French sandwich made with grilled chicken bacon, bechamel sauce and mozzarella cheese",False,"114 Casablanca (1st floor),  Gulshan Ave, Dhaka 1212",Dhaka,23.7892033,90.4165361,4.9,1167,"Cakes, Fast Food, Beverage",50,07:00,23:59,https://images.deliveryhero.io/image/fd-bd/LH/ccej-hero.jpg,https://images.deliveryhero.io/image/fd-bd/Products/9088579.jpg?width=400,https://www.foodpanda.com.bd/restaurant/ccej/delifrance-casablanca
Delifrance - Casablanca,Delifrance Gulshan Avenue,Brunch,Croque Madame,819.0,"1:1 - An indulgent hot French sandwich made with grilled chicken bacon, bechamel sauce and mozzarella cheese topped with a fried egg",False,"114 Casablanca (1st floor),  Gulshan Ave, Dhaka 1212",Dhaka,23.7892033,90.4165361,4.9,1167,"Cakes, Fast Food, Beverage",50,07:00,23:59,https://images.deliveryhero.io/image/fd-bd/LH/ccej-hero.jpg,https://images.deliveryhero.io/image/fd-bd/Products/9088580.jpg?width=400,https://www.foodpanda.com.bd/restaurant/ccej/delifrance-casablanca
Delifrance - Casablanca,Delifrance Gulshan Avenue,Brunch,Chicken Parmigiana,1019.0,"1:1 - A breaded chicken cutlet topped with marinara sauce, mozzarella cheese & parmesan cheese, served with french fries & a side salad",False,"114 Casablanca (1st floor),  Gulshan Ave, Dhaka 1212",Dhaka,23.7892033,90.4165361,4.9,1167,"Cakes, Fast Food, Beverage",50,07:00,23:59,https://images.deliveryhero.io/image/fd-bd/LH/ccej-hero.jpg,https://images.deliveryhero.io/image/fd-bd/Products/9088605.jpg?width=400,https://www.foodpanda.com.bd/restaurant/ccej/delifrance-casablanca
Delifrance - Casablanca,Delifrance Gulshan Avenue,Brunch,Chicken Fricasse with Rice,819.0,"1:1 - A classic french dish made with tender & juicy chicken fillet in a creamy mushroom sauce, served with sautéed vegetable & rice",False,"114 Casablanca (1st floor),  Gulshan Ave, Dhaka 1212",Dhaka,23.7892033,90.4165361,4.9,1167,"Cakes, Fast Food, Beverage",50,07:00,23:59,https://images.deliveryhero.io/image/fd-bd/LH/ccej-hero.jpg,https://images.deliveryhero.io/image/fd-bd/Products/9088603.jpg?width=400,https://www.foodpanda.com.bd/restaurant/ccej/delifrance-casablanca
Delifrance - Casablanca,Delifrance Gulshan Avenue,Starters,French Fries,259.0,"1:1 - Classic golden potato stick, fried to perfection & lightly salted",False,"114 Casablanca (1st floor),  Gulshan Ave, Dhaka 1212",Dhaka,23.7892033,90.4165361,4.9,1167,"Cakes, Fast Food, Beverage",50,07:00,23:59,https://images.deliveryhero.io/image/fd-bd/LH/ccej-hero.jpg,https://images.deliveryhero.io/image/fd-bd/Products/9088497.jpg?width=400,https://www.foodpanda.com.bd/restaurant/ccej/delifrance-casablanca
Delifrance - Casablanca,Delifrance Gulshan Avenue,Starters,Spicy French Fries,279.0,1:1 - Our classic french fries tossed in a special spicy seasoning for an extra kick,False,"114 Casablanca (1st floor),  Gulshan Ave, Dhaka 1212",Dhaka,23.7892033,90.4165361,4.9,1167,"Cakes, Fast Food, Beverage",50,07:00,23:59,https://images.deliveryhero.io/image/fd-bd/LH/ccej-hero.jpg,https://images.deliveryhero.io/image/fd-bd/Products/9088498.jpg?width=400,https://www.foodpanda.com.bd/restaurant/ccej/delifrance-casablanca
Delifrance - Casablanca,Delifrance Gulshan Avenue,Starters,Cheesy French Fries,459.0,1:1 - Golden french fries generously topped with a rich & creamy melted cheese sauce,False,"114 Casablanca (1st floor),  Gulshan Ave, Dhaka 1212",Dhaka,23.7892033,90.4165361,4.9,1167,"Cakes, Fast Food, Beverage",50,07:00,23:59,https://images.deliveryhero.io/image/fd-bd/LH/ccej-hero.jpg,https://images.deliveryhero.io/image/fd-bd/Products/9088499.jpg?width=400,https://www.foodpanda.com.bd/restaurant/ccej/delifrance-casablanca
Delifrance - Casablanca,Delifrance Gulshan Avenue,Savory Croiffles,Tomato Mozzarella Croiffle,419.0,"1 pc - Fresh sliced tomatoes, basil, & mozzarella cheese on top of a warm flaky croiffle",False,"114 Casablanca (1st floor),  Gulshan Ave, Dhaka 1212",Dhaka,23.7892033,90.4165361,4.9,1167,"Cakes, Fast Food, Beverage",50,07:00,23:59,https://images.deliveryhero.io/image/fd-bd/LH/ccej-hero.jpg,https://images.deliveryhero.io/image/fd-bd/Products/9088582.jpg?width=400,https://www.foodpanda.com.bd/restaurant/ccej/delifrance-casablanca
Delifrance - Casablanca,Delifrance Gulshan Avenue,Savory Croiffles,Spicy Chicken Croiffle,469.0,"1 pc - Spicy chicken, mixed bell peppers and mozzarella cheese on top of a warm flaky croiffle",False,"114 Casablanca (1st floor),  Gulshan Ave, Dhaka 1212",Dhaka,23.7892033,90.4165361,4.9,1167,"Cakes, Fast Food, Beverage",50,07:00,23:59,https://images.deliveryhero.io/image/fd-bd/LH/ccej-hero.jpg,https://images.deliveryhero.io/image/fd-bd/Products/9088583.jpg?width=400,https://www.foodpanda.com.bd/restaurant/ccej/delifrance-casablanca
Delifrance - Casablanca,Delifrance Gulshan Avenue,Savory Croiffles,Sausage & Cheese Croiffle,469.0,"1 pc - Chicken sausage, creamy bechamel sauce & mozzarella cheese on top of a warm flaky croiffle",False,"114 Casablanca (1st floor),  Gulshan Ave, Dhaka 1212",Dhaka,23.7892033,90.4165361,4.9,1167,"Cakes, Fast Food, Beverage",50,07:00,23:59,https://images.deliveryhero.io/image/fd-bd/LH/ccej-hero.jpg,https://images.deliveryhero.io/image/fd-bd/Products/9088584.jpg?width=400,https://www.foodpanda.com.bd/restaurant/ccej/delifrance-casablanca
Delifrance - Casablanca,Delifrance Gulshan Avenue,Savory Croiffles,Salmon Croiffle,1019.0,"1 pc - Smoked salmon, cream cheese, cucumbers, sliced onions & capers on top of a warm flaky croiffle",False,"114 Casablanca (1st floor),  Gulshan Ave, Dhaka 1212",Dhaka,23.7892033,90.4165361,4.9,1167,"Cakes, Fast Food, Beverage",50,07:00,23:59,https://images.deliveryhero.io/image/fd-bd/LH/ccej-hero.jpg,https://images.deliveryhero.io/image/fd-bd/Products/9088585.jpg?width=400,https://www.foodpanda.com.bd/restaurant/ccej/delifrance-casablanca
Delifrance - Casablanca,Delifrance Gulshan Avenue,Soup,Roasted Tomato Soup,319.0,"1:1 - A rich & flavorful soup prepared with ripe, roasted tomato & fresh herb",False,"114 Casablanca (1st floor),  Gulshan Ave, Dhaka 1212",Dhaka,23.7892033,90.4165361,4.9,1167,"Cakes, Fast Food, Beverage",50,07:00,23:59,https://images.deliveryhero.io/image/fd-bd/LH/ccej-hero.jpg,https://images.deliveryhero.io/image/fd-bd/Products/9088487.jpg?width=400,https://www.foodpanda.com.bd/restaurant/ccej/delifrance-casablanca
Delifrance - Casablanca,Delifrance Gulshan Avenue,Soup,Creamy Mushroom Soup,469.0,"1:1 - A rich & creamy soup prepared with fresh mushroom, a touch of cream & savory seasoning",False,"114 Casablanca (1st floor),  Gulshan Ave, Dhaka 1212",Dhaka,23.7892033,90.4165361,4.9,1167,"Cakes, Fast Food, Beverage",50,07:00,23:59,https://images.deliveryhero.io/image/fd-bd/LH/ccej-hero.jpg,https://images.deliveryhero.io/image/fd-bd/Products/9088488.jpg?width=400,https://www.foodpanda.com.bd/restaurant/ccej/delifrance-casablanca
Delifrance - Casablanca,Delifrance Gulshan Avenue,Soup,Chicken Soup,519.0,1:1 - A classic & comforting soup with tender piece of chicken & a savory broth,False,"114 Casablanca (1st floor),  Gulshan Ave, Dhaka 1212",Dhaka,23.7892033,90.4165361,4.9,1167,"Cakes, Fast Food, Beverage",50,07:00,23:59,https://images.deliveryhero.io/image/fd-bd/LH/ccej-hero.jpg,https://images.deliveryhero.io/image/fd-bd/Products/9088489.jpg?width=400,https://www.foodpanda.com.bd/restaurant/ccej/delifrance-casablanca
Delifrance - Casablanca,Delifrance Gulshan Avenue,Garlic Bread,Plain Garlic Bread,249.0,1 pc - Sliced baguette bread toasted with garlic butter,False,"114 Casablanca (1st floor),  Gulshan Ave, Dhaka 1212",Dhaka,23.7892033,90.4165361,4.9,1167,"Cakes, Fast Food, Beverage",50,07:00,23:59,https://images.deliveryhero.io/image/fd-bd/LH/ccej-hero.jpg,https://images.deliveryhero.io/image/fd-bd/Products/9088586.jpg?width=400,https://www.foodpanda.com.bd/restaurant/ccej/delifrance-casablanca
Delifrance - Casablanca,Delifrance Gulshan Avenue,Garlic Bread,Garlic Bread Cheese,349.0,1 pc - Sliced baguette bread toasted with garlic butter topped with mozzarella cheese,False,"114 Casablanca (1st floor),  Gulshan Ave, Dhaka 1212",Dhaka,23.7892033,90.4165361,4.9,1167,"Cakes, Fast Food, Beverage",50,07:00,23:59,https://images.deliveryhero.io/image/fd-bd/LH/ccej-hero.jpg,https://images.deliveryhero.io/image/fd-bd/Products/9088587.jpg?width=400,https://www.foodpanda.com.bd/restaurant/ccej/delifrance-casablanca
Delifrance - Casablanca,Delifrance Gulshan Avenue,Garlic Bread,Garlic Bread Spicy,369.0,"1 pc - Sliced baguette bread toasted with garlic butter topped with mozzarella cheese, diced onions and green chilies",False,"114 Casablanca (1st floor),  Gulshan Ave, Dhaka 1212",Dhaka,23.7892033,90.4165361,4.9,1167,"Cakes, Fast Food, Beverage",50,07:00,23:59,https://images.deliveryhero.io/image/fd-bd/LH/ccej-hero.jpg,https://images.deliveryhero.io/image/fd-bd/Products/9088588.jpg?width=400,https://www.foodpanda.com.bd/restaurant/ccej/delifrance-casablanca
Delifrance - Casablanca,Delifrance Gulshan Avenue,Salad,Greek Salad,419.0,"1:1 - A refreshing salad prepared with cucumber, tomato, onion, olive, feta cheese & a light vinaigrette",False,"114 Casablanca (1st floor),  Gulshan Ave, Dhaka 1212",Dhaka,23.7892033,90.4165361,4.9,1167,"Cakes, Fast Food, Beverage",50,07:00,23:59,https://images.deliveryhero.io/image/fd-bd/LH/ccej-hero.jpg,https://images.deliveryhero.io/image/fd-bd/Products/9088490.jpg?width=400,https://www.foodpanda.com.bd/restaurant/ccej/delifrance-casablanca
Delifrance - Casablanca,Delifrance Gulshan Avenue,Salad,Chicken Cashewnut Salad,519.0,"1:1 - A crunchy & savory salad prepared with roasted cashew nut, fresh vegetable & crispy chicken",False,"114 Casablanca (1st floor),  Gulshan Ave, Dhaka 1212",Dhaka,23.7892033,90.4165361,4.9,1167,"Cakes, Fast Food, Beverage",50,07:00,23:59,https://images.deliveryhero.io/image/fd-bd/LH/ccej-hero.jpg,https://images.deliveryhero.io/image/fd-bd/Products/9088491.jpg?width=400,https://www.foodpanda.com.bd/restaurant/ccej/delifrance-casablanca
Delifrance - Casablanca,Delifrance Gulshan Avenue,Salad,Pasta Salad,519.0,"1:1 - A refreshing cold pasta salad with mixed vegetable, cheese & a light dressing",False,"114 Casablanca (1st floor),  Gulshan Ave, Dhaka 1212",Dhaka,23.7892033,90.4165361,4.9,1167,"Cakes, Fast Food, Beverage",50,07:00,23:59,https://images.deliveryhero.io/image/fd-bd/LH/ccej-hero.jpg,https://images.deliveryhero.io/image/fd-bd/Products/9088492.jpg?width=400,https://www.foodpanda.com.bd/restaurant/ccej/delifrance-casablanca
Delifrance - Casablanca,Delifrance Gulshan Avenue,Salad,Chicken Caesar Salad,569.0,"1:1 - A classic caesar salad with crisp romaine lettuce, crouton, parmesan cheese & a creamy caesar dressing, topped with grilled chicken",False,"114 Casablanca (1st floor),  Gulshan Ave, Dhaka 1212",Dhaka,23.7892033,90.4165361,4.9,1167,"Cakes, Fast Food, Beverage",50,07:00,23:59,https://images.deliveryhero.io/image/fd-bd/LH/ccej-hero.jpg,https://images.deliveryhero.io/image/fd-bd/Products/9088493.jpg?width=400,https://www.foodpanda.com.bd/restaurant/ccej/delifrance-casablanca
Delifrance - Casablanca,Delifrance Gulshan Avenue,Salad,Chef's Salad,619.0,"1:1 - A hearty salad with a mix of fresh green, vegetable, meat, cheese & a special chef's dressing",False,"114 Casablanca (1st floor),  Gulshan Ave, Dhaka 1212",Dhaka,23.7892033,90.4165361,4.9,1167,"Cakes, Fast Food, Beverage",50,07:00,23:59,https://images.deliveryhero.io/image/fd-bd/LH/ccej-hero.jpg,https://images.deliveryhero.io/image/fd-bd/Products/9088494.jpg?width=400,https://www.foodpanda.com.bd/restaurant/ccej/delifrance-casablanca
Delifrance - Casablanca,Delifrance Gulshan Avenue,Seafood,Fish & Fries,669.0,"1:1 - Consists of battered fish fillet, fried golden & crispy, served with french fries & tartar sauce",False,"114 Casablanca (1st floor),  Gulshan Ave, Dhaka 1212",Dhaka,23.7892033,90.4165361,4.9,1167,"Cakes, Fast Food, Beverage",50,07:00,23:59,https://images.deliveryhero.io/image/fd-bd/LH/ccej-hero.jpg,https://images.deliveryhero.io/image/fd-bd/Products/9088495.jpg?width=400,https://www.foodpanda.com.bd/restaurant/ccej/delifrance-casablanca
Delifrance - Casablanca,Delifrance Gulshan Avenue,Seafood,Seafood Platter,819.0,"1:1 - A mix of fish and shrimp batter fried until golden brown, served with tartar sauce & french fries",False,"114 Casablanca (1st floor),  Gulshan Ave, Dhaka 1212",Dhaka,23.7892033,90.4165361,4.9,1167,"Cakes, Fast Food, Beverage",50,07:00,23:59,https://images.deliveryhero.io/image/fd-bd/LH/ccej-hero.jpg,https://images.deliveryhero.io/image/fd-bd/Products/9088496.jpg?width=400,https://www.foodpanda.com.bd/restaurant/ccej/delifrance-casablanca
Delifrance - Casablanca,Delifrance Gulshan Avenue,Sandwich,Tin Loaf Egg Sandwich,369.0,1 pc - A simple & classic sandwich prepared with a savory egg mayonnaise filling on soft tin loaf bread,False,"114 Casablanca (1st floor),  Gulshan Ave, Dhaka 1212",Dhaka,23.7892033,90.4165361,4.9,1167,"Cakes, Fast Food, Beverage",50,07:00,23:59,https://images.deliveryhero.io/image/fd-bd/LH/ccej-hero.jpg,https://images.deliveryhero.io/image/fd-bd/Products/9088500.jpg?width=400,https://www.foodpanda.com.bd/restaurant/ccej/delifrance-casablanca
Delifrance - Casablanca,Delifrance Gulshan Avenue,Sandwich,Tin Loaf Tuna Sandwich,460.9,"1 pc - A delicious sandwich with a creamy tuna salad filling, served on soft tin loaf bread",False,"114 Casablanca (1st floor),  Gulshan Ave, Dhaka 1212",Dhaka,23.7892033,90.4165361,4.9,1167,"Cakes, Fast Food, Beverage",50,07:00,23:59,https://images.deliveryhero.io/image/fd-bd/LH/ccej-hero.jpg,https://images.deliveryhero.io/image/fd-bd/Products/9088501.jpg?width=400,https://www.foodpanda.com.bd/restaurant/ccej/delifrance-casablanca
Delifrance - Casablanca,Delifrance Gulshan Avenue,Sandwich,Smoked Chicken Sandwich,548.9,"1 pc - A delicious sandwich prepared with thinly sliced smoked chicken, fresh lettuce & a creamy dressing",False,"114 Casablanca (1st floor),  Gulshan Ave, Dhaka 1212",Dhaka,23.7892033,90.4165361,4.9,1167,"Cakes, Fast Food, Beverage",50,07:00,23:59,https://images.deliveryhero.io/image/fd-bd/LH/ccej-hero.jpg,https://images.deliveryhero.io/image/fd-bd/Products/9088502.jpg?width=400,https://www.foodpanda.com.bd/restaurant/ccej/delifrance-casablanca
Delifrance - Casablanca,Delifrance Gulshan Avenue,Sandwich,Chicken Mayo Sandwich,469.0,1 pc - A classic & satisfying sandwich with a creamy chicken mayonnaise filling & crisp lettuce,False,"114 Casablanca (1st floor),  Gulshan Ave, Dhaka 1212",Dhaka,23.7892033,90.4165361,4.9,1167,"Cakes, Fast Food, Beverage",50,07:00,23:59,https://images.deliveryhero.io/image/fd-bd/LH/ccej-hero.jpg,https://images.deliveryhero.io/image/fd-bd/Products/9088503.jpg?width=400,https://www.foodpanda.com.bd/restaurant/ccej/delifrance-casablanca
Delifrance - Casablanca,Delifrance Gulshan Avenue,Sandwich,Egg Mayo Sandwich,460.9,1 pc - A classic sandwich prepared with a creamy egg mayonnaise filling on your choice of bread,False,"114 Casablanca (1st floor),  Gulshan Ave, Dhaka 1212",Dhaka,23.7892033,90.4165361,4.9,1167,"Cakes, Fast Food, Beverage",50,07:00,23:59,https://images.deliveryhero.io/image/fd-bd/LH/ccej-hero.jpg,https://images.deliveryhero.io/image/fd-bd/Products/9088504.jpg?width=400,https://www.foodpanda.com.bd/restaurant/ccej/delifrance-casablanca
Delifrance - Casablanca,Delifrance Gulshan Avenue,Sandwich,Tomato Mozzarella Sandwich,570.9,"1 pc - A fresh & flavorful sandwich prepared with ripe tomato, creamy mozzarella cheese & a hint of basil",False,"114 Casablanca (1st floor),  Gulshan Ave, Dhaka 1212",Dhaka,23.7892033,90.4165361,4.9,1167,"Cakes, Fast Food, Beverage",50,07:00,23:59,https://images.deliveryhero.io/image/fd-bd/LH/ccej-hero.jpg,https://images.deliveryhero.io/image/fd-bd/products/9088505.jpg?width=400,https://www.foodpanda.com.bd/restaurant/ccej/delifrance-casablanca
Delifrance - Casablanca,Delifrance Gulshan Avenue,Sandwich,Spicy Chicken Sandwich,592.9,"1 pc - A flavorful sandwich with a kick of spice, prepared with seasoned chicken & a zesty sauce",False,"114 Casablanca (1st floor),  Gulshan Ave, Dhaka 1212",Dhaka,23.7892033,90.4165361,4.9,1167,"Cakes, Fast Food, Beverage",50,07:00,23:59,https://images.deliveryhero.io/image/fd-bd/LH/ccej-hero.jpg,https://images.deliveryhero.io/image/fd-bd/Products/9088508.jpg?width=400,https://www.foodpanda.com.bd/restaurant/ccej/delifrance-casablanca
Delifrance - Casablanca,Delifrance Gulshan Avenue,Sandwich,Tuna Mayo Sandwich,658.9,1 pc - A classic & satisfying sandwich with a creamy tuna mayonnaise filling & crisp lettuce,False,"114 Casablanca (1st floor),  Gulshan Ave, Dhaka 1212",Dhaka,23.7892033,90.4165361,4.9,1167,"Cakes, Fast Food, Beverage",50,07:00,23:59,https://images.deliveryhero.io/image/fd-bd/LH/ccej-hero.jpg,https://images.deliveryhero.io/image/fd-bd/products/9088509.jpg?width=400,https://www.foodpanda.com.bd/restaurant/ccej/delifrance-casablanca
Delifrance - Casablanca,Delifrance Gulshan Avenue,Sandwich,Ham & Cheese Croissant Sandwich,658.9,1 pc - A savory croissant filled with delicious ham & melted cheese,False,"114 Casablanca (1st floor),  Gulshan Ave, Dhaka 1212",Dhaka,23.7892033,90.4165361,4.9,1167,"Cakes, Fast Food, Beverage",50,07:00,23:59,https://images.deliveryhero.io/image/fd-bd/LH/ccej-hero.jpg,https://images.deliveryhero.io/image/fd-bd/Products/9088510.jpg?width=400,https://www.foodpanda.com.bd/restaurant/ccej/delifrance-casablanca
Delifrance - Casablanca,Delifrance Gulshan Avenue,Sandwich,Pepperoni Sandwich,619.0,"1 pc - A zesty & flavorful sandwich with layer of spicy pepperoni, cheese & a tangy sauce",False,"114 Casablanca (1st floor),  Gulshan Ave, Dhaka 1212",Dhaka,23.7892033,90.4165361,4.9,1167,"Cakes, Fast Food, Beverage",50,07:00,23:59,https://images.deliveryhero.io/image/fd-bd/LH/ccej-hero.jpg,https://images.deliveryhero.io/image/fd-bd/Products/9088512.jpg?width=400,https://www.foodpanda.com.bd/restaurant/ccej/delifrance-casablanca
Delifrance - Casablanca,Delifrance Gulshan Avenue,Sandwich,Tin Loaf Club Sandwich,709.0,"1 pc - A classic triple-decker sandwich with layer of chicken, bacon, lettuce, tomato & mayonnaise on tin loaf bread",False,"114 Casablanca (1st floor),  Gulshan Ave, Dhaka 1212",Dhaka,23.7892033,90.4165361,4.9,1167,"Cakes, Fast Food, Beverage",50,07:00,23:59,https://images.deliveryhero.io/image/fd-bd/LH/ccej-hero.jpg,https://images.deliveryhero.io/image/fd-bd/Products/9088513.jpg?width=400,https://www.foodpanda.com.bd/restaurant/ccej/delifrance-casablanca
Delifrance - Casablanca,Delifrance Gulshan Avenue,Sandwich,Beef & Cheddar Sandwich,719.0,1 pc - A savory sandwich with tender roast beef & sharp cheddar cheese,False,"114 Casablanca (1st floor),  Gulshan Ave, Dhaka 1212",Dhaka,23.7892033,90.4165361,4.9,1167,"Cakes, Fast Food, Beverage",50,07:00,23:59,https://images.deliveryhero.io/image/fd-bd/LH/ccej-hero.jpg,https://images.deliveryhero.io/image/fd-bd/Products/9088514.jpg?width=400,https://www.foodpanda.com.bd/restaurant/ccej/delifrance-casablanca
Delifrance - Casablanca,Delifrance Gulshan Avenue,Sandwich,Smoked Beef Sandwich,845.9,1 pc - A rich & flavorful sandwich prepared with thinly sliced smoked beef & a savory spread,False,"114 Casablanca (1st floor),  Gulshan Ave, Dhaka 1212",Dhaka,23.7892033,90.4165361,4.9,1167,"Cakes, Fast Food, Beverage",50,07:00,23:59,https://images.deliveryhero.io/image/fd-bd/LH/ccej-hero.jpg,https://images.deliveryhero.io/image/fd-bd/Products/9088515.jpg?width=400,https://www.foodpanda.com.bd/restaurant/ccej/delifrance-casablanca
Delifrance - Casablanca,Delifrance Gulshan Avenue,Sandwich,Smoked Salmon Sandwich,1120.9,"1 pc - An elegant sandwich with delicate smoked salmon, cream cheese, caper & red onion",False,"114 Casablanca (1st floor),  Gulshan Ave, Dhaka 1212",Dhaka,23.7892033,90.4165361,4.9,1167,"Cakes, Fast Food, Beverage",50,07:00,23:59,https://images.deliveryhero.io/image/fd-bd/LH/ccej-hero.jpg,https://images.deliveryhero.io/image/fd-bd/Products/9088517.jpg?width=400,https://www.foodpanda.com.bd/restaurant/ccej/delifrance-casablanca
Delifrance - Casablanca,Delifrance Gulshan Avenue,Sandwich,Chicken BLT Sandwich,519.0,"Grilled slices of chicken bacon, creamy mayonnaise, juicy tomatoes and crisp lettuce in our signature butter croissant.
",False,"114 Casablanca (1st floor),  Gulshan Ave, Dhaka 1212",Dhaka,23.7892033,90.4165361,4.9,1167,"Cakes, Fast Food, Beverage",50,07:00,23:59,https://images.deliveryhero.io/image/fd-bd/LH/ccej-hero.jpg,https://images.deliveryhero.io/image/fd-bd/Products/9088506.jpg?width=400,https://www.foodpanda.com.bd/restaurant/ccej/delifrance-casablanca
Delifrance - Casablanca,Delifrance Gulshan Avenue,Sandwich,Chicken Ham Sandwich,539.0,"1 pc - A savory sandwich with layer of tender chicken ham, cheese & fresh vegetable",False,"114 Casablanca (1st floor),  Gulshan Ave, Dhaka 1212",Dhaka,23.7892033,90.4165361,4.9,1167,"Cakes, Fast Food, Beverage",50,07:00,23:59,https://images.deliveryhero.io/image/fd-bd/LH/ccej-hero.jpg,https://images.deliveryhero.io/image/fd-bd/Products/9088507.jpg?width=400,https://www.foodpanda.com.bd/restaurant/ccej/delifrance-casablanca
Delifrance - Casablanca,Delifrance Gulshan Avenue,Sandwich,Philly Cheesesteak Sandwich,899.0,"1 pc - A classic american sandwich with thinly sliced beefsteak, melted cheese & sautéed onion in a long roll",False,"114 Casablanca (1st floor),  Gulshan Ave, Dhaka 1212",Dhaka,23.7892033,90.4165361,4.9,1167,"Cakes, Fast Food, Beverage",50,07:00,23:59,https://images.deliveryhero.io/image/fd-bd/LH/ccej-hero.jpg,https://images.deliveryhero.io/image/fd-bd/Products/9088516.jpg?width=400,https://www.foodpanda.com.bd/restaurant/ccej/delifrance-casablanca
Delifrance - Casablanca,Delifrance Gulshan Avenue,Sandwich,Roasted Chicken Sandwich,619.0,"1 pc - A hearty sandwich filled with tender roasted chicken, fresh vegetable & a savory sauce",False,"114 Casablanca (1st floor),  Gulshan Ave, Dhaka 1212",Dhaka,23.7892033,90.4165361,4.9,1167,"Cakes, Fast Food, Beverage",50,07:00,23:59,https://images.deliveryhero.io/image/fd-bd/LH/ccej-hero.jpg,https://images.deliveryhero.io/image/fd-bd/Products/9088511.jpg?width=400,https://www.foodpanda.com.bd/restaurant/ccej/delifrance-casablanca
Delifrance - Casablanca,Delifrance Gulshan Avenue,Croissant Pizza,Margherita Pizza,819.0,"9 inch - A classic pizza on a croissant base, topped with fresh tomato, mozzarella & basil",False,"114 Casablanca (1st floor),  Gulshan Ave, Dhaka 1212",Dhaka,23.7892033,90.4165361,4.9,1167,"Cakes, Fast Food, Beverage",50,07:00,23:59,https://images.deliveryhero.io/image/fd-bd/LH/ccej-hero.jpg,https://images.deliveryhero.io/image/fd-bd/Products/9088589.jpg?width=400,https://www.foodpanda.com.bd/restaurant/ccej/delifrance-casablanca
Delifrance - Casablanca,Delifrance Gulshan Avenue,Croissant Pizza,Marinara Pizza,919.0,"9 inch - A simple yet flavorful pizza on a croissant base with a rich marinara sauce, garlic & oregano",False,"114 Casablanca (1st floor),  Gulshan Ave, Dhaka 1212",Dhaka,23.7892033,90.4165361,4.9,1167,"Cakes, Fast Food, Beverage",50,07:00,23:59,https://images.deliveryhero.io/image/fd-bd/LH/ccej-hero.jpg,https://images.deliveryhero.io/image/fd-bd/Products/9088590.jpg?width=400,https://www.foodpanda.com.bd/restaurant/ccej/delifrance-casablanca
Delifrance - Casablanca,Delifrance Gulshan Avenue,Croissant Pizza,Spicy Chicken Pepperoni Pizza,1169.0,"9 inch - A zesty pizza on a croissant base with spicy chicken, pepperoni & mozzarella cheese",False,"114 Casablanca (1st floor),  Gulshan Ave, Dhaka 1212",Dhaka,23.7892033,90.4165361,4.9,1167,"Cakes, Fast Food, Beverage",50,07:00,23:59,https://images.deliveryhero.io/image/fd-bd/LH/ccej-hero.jpg,https://images.deliveryhero.io/image/fd-bd/Products/9088591.jpg?width=400,https://www.foodpanda.com.bd/restaurant/ccej/delifrance-casablanca
Delifrance - Casablanca,Delifrance Gulshan Avenue,Croissant Pizza,BBQ Chicken Sausage Pizza,1269.0,"9 inch - A smoky & savory pizza on a croissant base with bbq chicken, sausage & mozzarella",False,"114 Casablanca (1st floor),  Gulshan Ave, Dhaka 1212",Dhaka,23.7892033,90.4165361,4.9,1167,"Cakes, Fast Food, Beverage",50,07:00,23:59,https://images.deliveryhero.io/image/fd-bd/LH/ccej-hero.jpg,https://images.deliveryhero.io/image/fd-bd/Products/9088592.jpg?width=400,https://www.foodpanda.com.bd/restaurant/ccej/delifrance-casablanca
Delifrance - Casablanca,Delifrance Gulshan Avenue,Pasta,Aglio e Olio,659.0,"1:1 - A simple yet flavorful pasta dish with garlic, olive oil, chili flake & fresh parsley",False,"114 Casablanca (1st floor),  Gulshan Ave, Dhaka 1212",Dhaka,23.7892033,90.4165361,4.9,1167,"Cakes, Fast Food, Beverage",50,07:00,23:59,https://images.deliveryhero.io/image/fd-bd/LH/ccej-hero.jpg,https://images.deliveryhero.io/image/fd-bd/Products/9088597.jpg?width=400,https://www.foodpanda.com.bd/restaurant/ccej/delifrance-casablanca
Delifrance - Casablanca,Delifrance Gulshan Avenue,Pasta,Penne Chicken & Mushroom Pasta,869.0,"1:1 - A creamy pasta dish with tender chicken, sautéed mushroom & penne in a rich white sauce",False,"114 Casablanca (1st floor),  Gulshan Ave, Dhaka 1212",Dhaka,23.7892033,90.4165361,4.9,1167,"Cakes, Fast Food, Beverage",50,07:00,23:59,https://images.deliveryhero.io/image/fd-bd/LH/ccej-hero.jpg,https://images.deliveryhero.io/image/fd-bd/Products/9088598.jpg?width=400,https://www.foodpanda.com.bd/restaurant/ccej/delifrance-casablanca
Delifrance - Casablanca,Delifrance Gulshan Avenue,Pasta,Aglio e Olio with Shrimp,1019.0,"1:1 - A delightful seafood pasta with succulent shrimp, garlic, olive oil & a hint of chili",False,"114 Casablanca (1st floor),  Gulshan Ave, Dhaka 1212",Dhaka,23.7892033,90.4165361,4.9,1167,"Cakes, Fast Food, Beverage",50,07:00,23:59,https://images.deliveryhero.io/image/fd-bd/LH/ccej-hero.jpg,https://images.deliveryhero.io/image/fd-bd/Products/9088599.jpg?width=400,https://www.foodpanda.com.bd/restaurant/ccej/delifrance-casablanca
Delifrance - Casablanca,Delifrance Gulshan Avenue,Pasta,Shrimp Pomodoro with Spaghetti,1019.0,"1:1 - A classic italian dish with juicy shrimp, a fresh tomato sauce & spaghetti",False,"114 Casablanca (1st floor),  Gulshan Ave, Dhaka 1212",Dhaka,23.7892033,90.4165361,4.9,1167,"Cakes, Fast Food, Beverage",50,07:00,23:59,https://images.deliveryhero.io/image/fd-bd/LH/ccej-hero.jpg,https://images.deliveryhero.io/image/fd-bd/Products/9088600.jpg?width=400,https://www.foodpanda.com.bd/restaurant/ccej/delifrance-casablanca
Delifrance - Casablanca,Delifrance Gulshan Avenue,Pasta,Chicken Lasagna,819.0,"1:1 - A hearty baked pasta dish with layer of chicken, lasagna noodle, marinara sauce & melted cheese",False,"114 Casablanca (1st floor),  Gulshan Ave, Dhaka 1212",Dhaka,23.7892033,90.4165361,4.9,1167,"Cakes, Fast Food, Beverage",50,07:00,23:59,https://images.deliveryhero.io/image/fd-bd/LH/ccej-hero.jpg,https://images.deliveryhero.io/image/fd-bd/Products/9088601.jpg?width=400,https://www.foodpanda.com.bd/restaurant/ccej/delifrance-casablanca
Delifrance - Casablanca,Delifrance Gulshan Avenue,Pasta,Beef Lasagna,1019.0,"1:1 - A classic baked pasta dish with rich beef bolognese, béchamel sauce & layer of cheese",False,"114 Casablanca (1st floor),  Gulshan Ave, Dhaka 1212",Dhaka,23.7892033,90.4165361,4.9,1167,"Cakes, Fast Food, Beverage",50,07:00,23:59,https://images.deliveryhero.io/image/fd-bd/LH/ccej-hero.jpg,https://images.deliveryhero.io/image/fd-bd/Products/9088602.jpg?width=400,https://www.foodpanda.com.bd/restaurant/ccej/delifrance-casablanca
Delifrance - Casablanca,Delifrance Gulshan Avenue,Burger,Beef Burger,819.0,"1 pc - A classic burger with a juicy beef patty, fresh lettuce, tomato & our special sauce",False,"114 Casablanca (1st floor),  Gulshan Ave, Dhaka 1212",Dhaka,23.7892033,90.4165361,4.9,1167,"Cakes, Fast Food, Beverage",50,07:00,23:59,https://images.deliveryhero.io/image/fd-bd/LH/ccej-hero.jpg,https://images.deliveryhero.io/image/fd-bd/products/9088594.jpg?width=400,https://www.foodpanda.com.bd/restaurant/ccej/delifrance-casablanca
Delifrance - Casablanca,Delifrance Gulshan Avenue,Burger,Beef & Mushroom Burger,899.0,"1 pc - A savory burger with a juicy beef patty, sautéed mushroom & melted swiss cheese",False,"114 Casablanca (1st floor),  Gulshan Ave, Dhaka 1212",Dhaka,23.7892033,90.4165361,4.9,1167,"Cakes, Fast Food, Beverage",50,07:00,23:59,https://images.deliveryhero.io/image/fd-bd/LH/ccej-hero.jpg,https://images.deliveryhero.io/image/fd-bd/Products/9088595.jpg?width=400,https://www.foodpanda.com.bd/restaurant/ccej/delifrance-casablanca
Delifrance - Casablanca,Delifrance Gulshan Avenue,Burger,Croissant Burger,1219.0,"1 pc - A unique & delicious burger served on a flaky, buttery croissant bun",False,"114 Casablanca (1st floor),  Gulshan Ave, Dhaka 1212",Dhaka,23.7892033,90.4165361,4.9,1167,"Cakes, Fast Food, Beverage",50,07:00,23:59,https://images.deliveryhero.io/image/fd-bd/LH/ccej-hero.jpg,https://images.deliveryhero.io/image/fd-bd/Products/9088596.jpg?width=400,https://www.foodpanda.com.bd/restaurant/ccej/delifrance-casablanca
Delifrance - Casablanca,Delifrance Gulshan Avenue,Burger,Chicken Burger,549.0,"1 pc - A delicious burger with a seasoned chicken patty, fresh lettuce & tomato on a soft bun",False,"114 Casablanca (1st floor),  Gulshan Ave, Dhaka 1212",Dhaka,23.7892033,90.4165361,4.9,1167,"Cakes, Fast Food, Beverage",50,07:00,23:59,https://images.deliveryhero.io/image/fd-bd/LH/ccej-hero.jpg,https://images.deliveryhero.io/image/fd-bd/Products/9088593.jpg?width=400,https://www.foodpanda.com.bd/restaurant/ccej/delifrance-casablanca
Delifrance - Casablanca,Delifrance Gulshan Avenue,Wrap,Chicken Wrap,539.0,"1 pc - A wholesome wrap filled with grilled chicken, fresh salad & a creamy sauce in a soft tortilla",False,"114 Casablanca (1st floor),  Gulshan Ave, Dhaka 1212",Dhaka,23.7892033,90.4165361,4.9,1167,"Cakes, Fast Food, Beverage",50,07:00,23:59,https://images.deliveryhero.io/image/fd-bd/LH/ccej-hero.jpg,https://images.deliveryhero.io/image/fd-bd/Products/9088518.jpg?width=400,https://www.foodpanda.com.bd/restaurant/ccej/delifrance-casablanca
Delifrance - Casablanca,Delifrance Gulshan Avenue,Wrap,BBQ Chicken Wrap,539.0,"1 pc - A smoky & tangy wrap filled with bbq chicken, fresh lettuce & a special bbq sauce",False,"114 Casablanca (1st floor),  Gulshan Ave, Dhaka 1212",Dhaka,23.7892033,90.4165361,4.9,1167,"Cakes, Fast Food, Beverage",50,07:00,23:59,https://images.deliveryhero.io/image/fd-bd/LH/ccej-hero.jpg,https://images.deliveryhero.io/image/fd-bd/Products/9088519.jpg?width=400,https://www.foodpanda.com.bd/restaurant/ccej/delifrance-casablanca
Delifrance - Casablanca,Delifrance Gulshan Avenue,Wrap,Spicy Chicken Wrap,549.0,"1 pc - A flavorful wrap with a spicy kick, filled with seasoned chicken, jalapeño & a zesty sauce",False,"114 Casablanca (1st floor),  Gulshan Ave, Dhaka 1212",Dhaka,23.7892033,90.4165361,4.9,1167,"Cakes, Fast Food, Beverage",50,07:00,23:59,https://images.deliveryhero.io/image/fd-bd/LH/ccej-hero.jpg,https://images.deliveryhero.io/image/fd-bd/products/9088520.jpg?width=400,https://www.foodpanda.com.bd/restaurant/ccej/delifrance-casablanca
Delifrance - Casablanca,Delifrance Gulshan Avenue,Wrap,Chicken & Cheddar Wrap,569.0,1 pc - A cheesy & savory wrap filled with tender chicken & melted cheddar cheese,False,"114 Casablanca (1st floor),  Gulshan Ave, Dhaka 1212",Dhaka,23.7892033,90.4165361,4.9,1167,"Cakes, Fast Food, Beverage",50,07:00,23:59,https://images.deliveryhero.io/image/fd-bd/LH/ccej-hero.jpg,https://images.deliveryhero.io/image/fd-bd/Products/9088521.jpg?width=400,https://www.foodpanda.com.bd/restaurant/ccej/delifrance-casablanca
Delifrance - Casablanca,Delifrance Gulshan Avenue,Wrap,Mediterranean Wrap,589.0,"1 pc - A healthy & flavorful wrap with grilled chicken, hummus, feta cheese, olive & fresh vegetable",False,"114 Casablanca (1st floor),  Gulshan Ave, Dhaka 1212",Dhaka,23.7892033,90.4165361,4.9,1167,"Cakes, Fast Food, Beverage",50,07:00,23:59,https://images.deliveryhero.io/image/fd-bd/LH/ccej-hero.jpg,https://images.deliveryhero.io/image/fd-bd/products/9088522.jpg?width=400,https://www.foodpanda.com.bd/restaurant/ccej/delifrance-casablanca
Delifrance - Casablanca,Delifrance Gulshan Avenue,Wrap,Chicken & Mushroom Wrap,619.0,1 pc - A savory wrap filled with a delicious combination of chicken & sautéed mushroom,False,"114 Casablanca (1st floor),  Gulshan Ave, Dhaka 1212",Dhaka,23.7892033,90.4165361,4.9,1167,"Cakes, Fast Food, Beverage",50,07:00,23:59,https://images.deliveryhero.io/image/fd-bd/LH/ccej-hero.jpg,https://images.deliveryhero.io/image/fd-bd/Products/9088523.jpg?width=400,https://www.foodpanda.com.bd/restaurant/ccej/delifrance-casablanca
Delifrance - Casablanca,Delifrance Gulshan Avenue,Wrap,Chicken & Cheese Wrap,619.0,1 pc - A simple & delicious wrap with tender chicken & a generous amount of melted cheese,False,"114 Casablanca (1st floor),  Gulshan Ave, Dhaka 1212",Dhaka,23.7892033,90.4165361,4.9,1167,"Cakes, Fast Food, Beverage",50,07:00,23:59,https://images.deliveryhero.io/image/fd-bd/LH/ccej-hero.jpg,https://images.deliveryhero.io/image/fd-bd/Products/9088524.jpg?width=400,https://www.foodpanda.com.bd/restaurant/ccej/delifrance-casablanca
Delifrance - Casablanca,Delifrance Gulshan Avenue,Main,Beef Goulash with Rice,919.0,1:1 - A hearty stew of tender beef in a rich flavorful tomato gravy served with sautéed vegetable & rice,False,"114 Casablanca (1st floor),  Gulshan Ave, Dhaka 1212",Dhaka,23.7892033,90.4165361,4.9,1167,"Cakes, Fast Food, Beverage",50,07:00,23:59,https://images.deliveryhero.io/image/fd-bd/LH/ccej-hero.jpg,https://images.deliveryhero.io/image/fd-bd/Products/9088604.jpg?width=400,https://www.foodpanda.com.bd/restaurant/ccej/delifrance-casablanca
Delifrance - Casablanca,Delifrance Gulshan Avenue,Main,Beef Short Ribs,1519.0,"1:1 - Slow cooked tender beef rib, served with creamy mashed potato",False,"114 Casablanca (1st floor),  Gulshan Ave, Dhaka 1212",Dhaka,23.7892033,90.4165361,4.9,1167,"Cakes, Fast Food, Beverage",50,07:00,23:59,https://images.deliveryhero.io/image/fd-bd/LH/ccej-hero.jpg,https://images.deliveryhero.io/image/fd-bd/Products/9088606.jpg?width=400,https://www.foodpanda.com.bd/restaurant/ccej/delifrance-casablanca
Delifrance - Casablanca,Delifrance Gulshan Avenue,Puff,Spicy Chicken Puff,339.0,1 pc - A savory puff pastry filled with a delicious & spicy chicken mixture,False,"114 Casablanca (1st floor),  Gulshan Ave, Dhaka 1212",Dhaka,23.7892033,90.4165361,4.9,1167,"Cakes, Fast Food, Beverage",50,07:00,23:59,https://images.deliveryhero.io/image/fd-bd/LH/ccej-hero.jpg,https://images.deliveryhero.io/image/fd-bd/Products/9088562.jpg?width=400,https://www.foodpanda.com.bd/restaurant/ccej/delifrance-casablanca
Delifrance - Casablanca,Delifrance Gulshan Avenue,Puff,Creamy Chicken & Mushroom Puff,339.0,1 pc - A flaky puff pastry with a rich & creamy filling of chicken & mushroom,False,"114 Casablanca (1st floor),  Gulshan Ave, Dhaka 1212",Dhaka,23.7892033,90.4165361,4.9,1167,"Cakes, Fast Food, Beverage",50,07:00,23:59,https://images.deliveryhero.io/image/fd-bd/LH/ccej-hero.jpg,https://images.deliveryhero.io/image/fd-bd/Products/9088563.jpg?width=400,https://www.foodpanda.com.bd/restaurant/ccej/delifrance-casablanca
Delifrance - Casablanca,Delifrance Gulshan Avenue,Puff,Minced Beef Puff,359.0,1 pc - A savory puff pastry with a flavorful filling of seasoned minced beef,False,"114 Casablanca (1st floor),  Gulshan Ave, Dhaka 1212",Dhaka,23.7892033,90.4165361,4.9,1167,"Cakes, Fast Food, Beverage",50,07:00,23:59,https://images.deliveryhero.io/image/fd-bd/LH/ccej-hero.jpg,https://images.deliveryhero.io/image/fd-bd/Products/9088564.jpg?width=400,https://www.foodpanda.com.bd/restaurant/ccej/delifrance-casablanca
Delifrance - Casablanca,Delifrance Gulshan Avenue,Viennoiserie & Danish,Chocolate Croissant,359.0,"1 pc - A delightful croissant with a rich, dark chocolate filling",False,"114 Casablanca (1st floor),  Gulshan Ave, Dhaka 1212",Dhaka,23.7892033,90.4165361,4.9,1167,"Cakes, Fast Food, Beverage",50,07:00,23:59,https://images.deliveryhero.io/image/fd-bd/LH/ccej-hero.jpg,https://images.deliveryhero.io/image/fd-bd/Products/9088549.jpg?width=400,https://www.foodpanda.com.bd/restaurant/ccej/delifrance-casablanca
Delifrance - Casablanca,Delifrance Gulshan Avenue,Viennoiserie & Danish,Almond Croissant,379.0,"1 pc - A delicious croissant with a sweet almond paste filling, topped with sliced almond",False,"114 Casablanca (1st floor),  Gulshan Ave, Dhaka 1212",Dhaka,23.7892033,90.4165361,4.9,1167,"Cakes, Fast Food, Beverage",50,07:00,23:59,https://images.deliveryhero.io/image/fd-bd/LH/ccej-hero.jpg,https://images.deliveryhero.io/image/fd-bd/Products/9088551.jpg?width=400,https://www.foodpanda.com.bd/restaurant/ccej/delifrance-casablanca
Delifrance - Casablanca,Delifrance Gulshan Avenue,Viennoiserie & Danish,Chocolate Wheel Croissant,526.9,1 pc - A unique wheel-shaped croissant with a rich chocolate filling,False,"114 Casablanca (1st floor),  Gulshan Ave, Dhaka 1212",Dhaka,23.7892033,90.4165361,4.9,1167,"Cakes, Fast Food, Beverage",50,07:00,23:59,https://images.deliveryhero.io/image/fd-bd/LH/ccej-hero.jpg,https://images.deliveryhero.io/image/fd-bd/Products/9088556.jpg?width=400,https://www.foodpanda.com.bd/restaurant/ccej/delifrance-casablanca
Delifrance - Casablanca,Delifrance Gulshan Avenue,Viennoiserie & Danish,Salted Caramel Wheel Croissant,526.9,1 pc - A delightful wheel-shaped croissant with a sweet & salty caramel filling,False,"114 Casablanca (1st floor),  Gulshan Ave, Dhaka 1212",Dhaka,23.7892033,90.4165361,4.9,1167,"Cakes, Fast Food, Beverage",50,07:00,23:59,https://images.deliveryhero.io/image/fd-bd/LH/ccej-hero.jpg,https://images.deliveryhero.io/image/fd-bd/Products/9088557.jpg?width=400,https://www.foodpanda.com.bd/restaurant/ccej/delifrance-casablanca
Delifrance - Casablanca,Delifrance Gulshan Avenue,Viennoiserie & Danish,Mini Croissant Assortment,719.0,"1:1 - Consists of a selection of our mini croissant including butter, chocolate, almond, nutella & vanilla cream filled",False,"114 Casablanca (1st floor),  Gulshan Ave, Dhaka 1212",Dhaka,23.7892033,90.4165361,4.9,1167,"Cakes, Fast Food, Beverage",50,07:00,23:59,https://images.deliveryhero.io/image/fd-bd/LH/ccej-hero.jpg,https://images.deliveryhero.io/image/fd-bd/Products/9088558.jpg?width=400,https://www.foodpanda.com.bd/restaurant/ccej/delifrance-casablanca
Delifrance - Casablanca,Delifrance Gulshan Avenue,Flat Croissant,Flat Butter Croissant,299.0,"1 pc - A unique, flattened version of our classic butter croissant, crispy & delicious",False,"114 Casablanca (1st floor),  Gulshan Ave, Dhaka 1212",Dhaka,23.7892033,90.4165361,4.9,1167,"Cakes, Fast Food, Beverage",50,07:00,23:59,https://images.deliveryhero.io/image/fd-bd/LH/ccej-hero.jpg,https://images.deliveryhero.io/image/fd-bd/Products/9088559.jpg?width=400,https://www.foodpanda.com.bd/restaurant/ccej/delifrance-casablanca
Delifrance - Casablanca,Delifrance Gulshan Avenue,Flat Croissant,Flat Chocolate Croissant,419.0,"1 pc - A crispy, flattened croissant with a rich chocolate filling",False,"114 Casablanca (1st floor),  Gulshan Ave, Dhaka 1212",Dhaka,23.7892033,90.4165361,4.9,1167,"Cakes, Fast Food, Beverage",50,07:00,23:59,https://images.deliveryhero.io/image/fd-bd/LH/ccej-hero.jpg,https://images.deliveryhero.io/image/fd-bd/Products/9088560.jpg?width=400,https://www.foodpanda.com.bd/restaurant/ccej/delifrance-casablanca
Delifrance - Casablanca,Delifrance Gulshan Avenue,Flat Croissant,Flat Nutella Croissant,419.0,1 pc - A delightful flattened croissant with a generous spread of creamy nutella,False,"114 Casablanca (1st floor),  Gulshan Ave, Dhaka 1212",Dhaka,23.7892033,90.4165361,4.9,1167,"Cakes, Fast Food, Beverage",50,07:00,23:59,https://images.deliveryhero.io/image/fd-bd/LH/ccej-hero.jpg,https://images.deliveryhero.io/image/fd-bd/Products/9088561.jpg?width=400,https://www.foodpanda.com.bd/restaurant/ccej/delifrance-casablanca
Delifrance - Casablanca,Delifrance Gulshan Avenue,Croissant Combo Pack,Croissant Combo Pack,719.0,"A delightful combo pack featuring butter croissant, chocolate croissant, almond croissant, croissant filled with vanilla cream & nutella croissant",False,"114 Casablanca (1st floor),  Gulshan Ave, Dhaka 1212",Dhaka,23.7892033,90.4165361,4.9,1167,"Cakes, Fast Food, Beverage",50,07:00,23:59,https://images.deliveryhero.io/image/fd-bd/LH/ccej-hero.jpg,https://images.deliveryhero.io/image/fd-bd/Products/9088567.jpg?width=400,https://www.foodpanda.com.bd/restaurant/ccej/delifrance-casablanca
Delifrance - Casablanca,Delifrance Gulshan Avenue,Sweet Croiffle,Butter & Honey Croiffle,319.0,1:1 - A delightful croiffle served warm with a drizzle of sweet honey & a pat of butter,False,"114 Casablanca (1st floor),  Gulshan Ave, Dhaka 1212",Dhaka,23.7892033,90.4165361,4.9,1167,"Cakes, Fast Food, Beverage",50,07:00,23:59,https://images.deliveryhero.io/image/fd-bd/LH/ccej-hero.jpg,https://images.deliveryhero.io/image/fd-bd/Products/9088535.jpg?width=400,https://www.foodpanda.com.bd/restaurant/ccej/delifrance-casablanca
Delifrance - Casablanca,Delifrance Gulshan Avenue,Sweet Croiffle,Nutella & Banana Croiffle,339.0,1:1 - A delicious croiffle topped with rich nutella & fresh banana slice,False,"114 Casablanca (1st floor),  Gulshan Ave, Dhaka 1212",Dhaka,23.7892033,90.4165361,4.9,1167,"Cakes, Fast Food, Beverage",50,07:00,23:59,https://images.deliveryhero.io/image/fd-bd/LH/ccej-hero.jpg,https://images.deliveryhero.io/image/fd-bd/Products/9088536.jpg?width=400,https://www.foodpanda.com.bd/restaurant/ccej/delifrance-casablanca
Delifrance - Casablanca,Delifrance Gulshan Avenue,Sweet Croiffle,Nutella & Nuts Croiffle,349.0,1:1 - A decadent croiffle generously spread with nutella & sprinkled with chopped nut,False,"114 Casablanca (1st floor),  Gulshan Ave, Dhaka 1212",Dhaka,23.7892033,90.4165361,4.9,1167,"Cakes, Fast Food, Beverage",50,07:00,23:59,https://images.deliveryhero.io/image/fd-bd/LH/ccej-hero.jpg,https://images.deliveryhero.io/image/fd-bd/Products/9088537.jpg?width=400,https://www.foodpanda.com.bd/restaurant/ccej/delifrance-casablanca
Delifrance - Casablanca,Delifrance Gulshan Avenue,Sweet Croiffle,Oreo Cream & Nutella Croiffle,419.0,1:1 - An indulgent croiffle topped with creamy oreo filling & a drizzle of rich nutella,False,"114 Casablanca (1st floor),  Gulshan Ave, Dhaka 1212",Dhaka,23.7892033,90.4165361,4.9,1167,"Cakes, Fast Food, Beverage",50,07:00,23:59,https://images.deliveryhero.io/image/fd-bd/LH/ccej-hero.jpg,https://images.deliveryhero.io/image/fd-bd/Products/9088538.jpg?width=400,https://www.foodpanda.com.bd/restaurant/ccej/delifrance-casablanca
Delifrance - Casablanca,Delifrance Gulshan Avenue,Sweet Croiffle,Chocolate Indulge Croiffle,519.0,"1:1 - The ultimate chocolate treat, a croiffle loaded with various chocolate topping & sauce",False,"114 Casablanca (1st floor),  Gulshan Ave, Dhaka 1212",Dhaka,23.7892033,90.4165361,4.9,1167,"Cakes, Fast Food, Beverage",50,07:00,23:59,https://images.deliveryhero.io/image/fd-bd/LH/ccej-hero.jpg,https://images.deliveryhero.io/image/fd-bd/Products/9088539.jpg?width=400,https://www.foodpanda.com.bd/restaurant/ccej/delifrance-casablanca
Delifrance - Casablanca,Delifrance Gulshan Avenue,Dessert,Brownie with Ice Cream,369.0,"1:1 - A warm, fudgy brownie served with a scoop of creamy vanilla ice cream & chocolate sauce",False,"114 Casablanca (1st floor),  Gulshan Ave, Dhaka 1212",Dhaka,23.7892033,90.4165361,4.9,1167,"Cakes, Fast Food, Beverage",50,07:00,23:59,https://images.deliveryhero.io/image/fd-bd/LH/ccej-hero.jpg,https://images.deliveryhero.io/image/fd-bd/Products/9088527.jpg?width=400,https://www.foodpanda.com.bd/restaurant/ccej/delifrance-casablanca
Delifrance - Casablanca,Delifrance Gulshan Avenue,Dessert,Salted Caramel Eclair,369.0,1 pc - Choux pastry filled with salted caramel cream & topped with caramel glaze,False,"114 Casablanca (1st floor),  Gulshan Ave, Dhaka 1212",Dhaka,23.7892033,90.4165361,4.9,1167,"Cakes, Fast Food, Beverage",50,07:00,23:59,https://images.deliveryhero.io/image/fd-bd/LH/ccej-hero.jpg,,https://www.foodpanda.com.bd/restaurant/ccej/delifrance-casablanca
Delifrance - Casablanca,Delifrance Gulshan Avenue,Dessert,Salted Caramel Croissant,419.0,1 pc - Flaky buttery croissant filled with salted caramel cream & light caramel drizzle,False,"114 Casablanca (1st floor),  Gulshan Ave, Dhaka 1212",Dhaka,23.7892033,90.4165361,4.9,1167,"Cakes, Fast Food, Beverage",50,07:00,23:59,https://images.deliveryhero.io/image/fd-bd/LH/ccej-hero.jpg,,https://www.foodpanda.com.bd/restaurant/ccej/delifrance-casablanca
Delifrance - Casablanca,Delifrance Gulshan Avenue,Dessert,Fruit Danish,429.0,"1 pc - A sweet pastry with a light, flaky texture, topped with fruit & a sweet glaze",False,"114 Casablanca (1st floor),  Gulshan Ave, Dhaka 1212",Dhaka,23.7892033,90.4165361,4.9,1167,"Cakes, Fast Food, Beverage",50,07:00,23:59,https://images.deliveryhero.io/image/fd-bd/LH/ccej-hero.jpg,https://images.deliveryhero.io/image/fd-bd/Products/9088554.jpg?width=400,https://www.foodpanda.com.bd/restaurant/ccej/delifrance-casablanca
Delifrance - Casablanca,Delifrance Gulshan Avenue,Dessert,Éclair of The Day,289.0,"1 pc - A delicate choux pastry filled with a delicious cream & topped with icing, flavor change daily",False,"114 Casablanca (1st floor),  Gulshan Ave, Dhaka 1212",Dhaka,23.7892033,90.4165361,4.9,1167,"Cakes, Fast Food, Beverage",50,07:00,23:59,https://images.deliveryhero.io/image/fd-bd/LH/ccej-hero.jpg,https://images.deliveryhero.io/image/fd-bd/Products/9088526.jpg?width=400,https://www.foodpanda.com.bd/restaurant/ccej/delifrance-casablanca
Delifrance - Casablanca,Delifrance Gulshan Avenue,Dessert,Pistachio Éclair,369.0,1 pc - An elegant éclair filled with a rich pistachio cream & topped with a sweet glaze,False,"114 Casablanca (1st floor),  Gulshan Ave, Dhaka 1212",Dhaka,23.7892033,90.4165361,4.9,1167,"Cakes, Fast Food, Beverage",50,07:00,23:59,https://images.deliveryhero.io/image/fd-bd/LH/ccej-hero.jpg,https://images.deliveryhero.io/image/fd-bd/Products/9088528.jpg?width=400,https://www.foodpanda.com.bd/restaurant/ccej/delifrance-casablanca
Delifrance - Casablanca,Delifrance Gulshan Avenue,Dessert,Chocolate Cake Slice - 80-85 gm,299.0,1 slice - A rich & moist chocolate cake slice with a decadent chocolate ganache,False,"114 Casablanca (1st floor),  Gulshan Ave, Dhaka 1212",Dhaka,23.7892033,90.4165361,4.9,1167,"Cakes, Fast Food, Beverage",50,07:00,23:59,https://images.deliveryhero.io/image/fd-bd/LH/ccej-hero.jpg,https://images.deliveryhero.io/image/fd-bd/Products/9088530.jpg?width=400,https://www.foodpanda.com.bd/restaurant/ccej/delifrance-casablanca
Delifrance - Casablanca,Delifrance Gulshan Avenue,Muffin,Blueberry Muffin,269.0,1 pc - A classic muffin loaded with sweet & tangy blueberry,False,"114 Casablanca (1st floor),  Gulshan Ave, Dhaka 1212",Dhaka,23.7892033,90.4165361,4.9,1167,"Cakes, Fast Food, Beverage",50,07:00,23:59,https://images.deliveryhero.io/image/fd-bd/LH/ccej-hero.jpg,https://images.deliveryhero.io/image/fd-bd/Products/9088543.jpg?width=400,https://www.foodpanda.com.bd/restaurant/ccej/delifrance-casablanca
Delifrance - Casablanca,Delifrance Gulshan Avenue,Muffin,Chocolate Muffin,269.0,1 pc - A moist & delicious muffin packed with rich chocolate chip,False,"114 Casablanca (1st floor),  Gulshan Ave, Dhaka 1212",Dhaka,23.7892033,90.4165361,4.9,1167,"Cakes, Fast Food, Beverage",50,07:00,23:59,https://images.deliveryhero.io/image/fd-bd/LH/ccej-hero.jpg,https://images.deliveryhero.io/image/fd-bd/Products/9088545.jpg?width=400,https://www.foodpanda.com.bd/restaurant/ccej/delifrance-casablanca
Delifrance - Casablanca,Delifrance Gulshan Avenue,Hot Beverages,Espresso,279.0,"A rich & intense shot of concentrated coffee, brewed to perfection",False,"114 Casablanca (1st floor),  Gulshan Ave, Dhaka 1212",Dhaka,23.7892033,90.4165361,4.9,1167,"Cakes, Fast Food, Beverage",50,07:00,23:59,https://images.deliveryhero.io/image/fd-bd/LH/ccej-hero.jpg,https://images.deliveryhero.io/image/fd-bd/Products/9088420.jpg?width=400,https://www.foodpanda.com.bd/restaurant/ccej/delifrance-casablanca
Delifrance - Casablanca,Delifrance Gulshan Avenue,Hot Beverages,Americano,319.0,A simple & smooth coffee prepared with a shot of rich espresso & hot water,False,"114 Casablanca (1st floor),  Gulshan Ave, Dhaka 1212",Dhaka,23.7892033,90.4165361,4.9,1167,"Cakes, Fast Food, Beverage",50,07:00,23:59,https://images.deliveryhero.io/image/fd-bd/LH/ccej-hero.jpg,https://images.deliveryhero.io/image/fd-bd/Products/9088421.jpg?width=400,https://www.foodpanda.com.bd/restaurant/ccej/delifrance-casablanca
Delifrance - Casablanca,Delifrance Gulshan Avenue,Hot Beverages,Cafe Latte,309.0,A creamy & smooth coffee prepared with a shot of espresso & plenty of steamed milk,False,"114 Casablanca (1st floor),  Gulshan Ave, Dhaka 1212",Dhaka,23.7892033,90.4165361,4.9,1167,"Cakes, Fast Food, Beverage",50,07:00,23:59,https://images.deliveryhero.io/image/fd-bd/LH/ccej-hero.jpg,https://images.deliveryhero.io/image/fd-bd/Products/9088423.jpg?width=400,https://www.foodpanda.com.bd/restaurant/ccej/delifrance-casablanca
Delifrance - Casablanca,Delifrance Gulshan Avenue,Hot Beverages,Hazelnut Americano,329.0,A classic americano infused with the rich & nutty flavor of hazelnut syrup,False,"114 Casablanca (1st floor),  Gulshan Ave, Dhaka 1212",Dhaka,23.7892033,90.4165361,4.9,1167,"Cakes, Fast Food, Beverage",50,07:00,23:59,https://images.deliveryhero.io/image/fd-bd/LH/ccej-hero.jpg,https://images.deliveryhero.io/image/fd-bd/Products/9088424.jpg?width=400,https://www.foodpanda.com.bd/restaurant/ccej/delifrance-casablanca
Delifrance - Casablanca,Delifrance Gulshan Avenue,Hot Beverages,Caramel Macchiato,349.0,"A delightful layered coffee prepared with steamed milk, espresso & a sweet caramel drizzle",False,"114 Casablanca (1st floor),  Gulshan Ave, Dhaka 1212",Dhaka,23.7892033,90.4165361,4.9,1167,"Cakes, Fast Food, Beverage",50,07:00,23:59,https://images.deliveryhero.io/image/fd-bd/LH/ccej-hero.jpg,https://images.deliveryhero.io/image/fd-bd/Products/9088425.jpg?width=400,https://www.foodpanda.com.bd/restaurant/ccej/delifrance-casablanca
Delifrance - Casablanca,Delifrance Gulshan Avenue,Hot Beverages,Hot Double Chocolate,359.0,An intensely rich & creamy hot chocolate prepared with a double dose of premium chocolate,False,"114 Casablanca (1st floor),  Gulshan Ave, Dhaka 1212",Dhaka,23.7892033,90.4165361,4.9,1167,"Cakes, Fast Food, Beverage",50,07:00,23:59,https://images.deliveryhero.io/image/fd-bd/LH/ccej-hero.jpg,https://images.deliveryhero.io/image/fd-bd/Products/9088426.jpg?width=400,https://www.foodpanda.com.bd/restaurant/ccej/delifrance-casablanca
Delifrance - Casablanca,Delifrance Gulshan Avenue,Hot Beverages,Double Chocolate Latte,359.0,"A decadent latte prepared with rich espresso, steamed milk & a double shot of chocolate",False,"114 Casablanca (1st floor),  Gulshan Ave, Dhaka 1212",Dhaka,23.7892033,90.4165361,4.9,1167,"Cakes, Fast Food, Beverage",50,07:00,23:59,https://images.deliveryhero.io/image/fd-bd/LH/ccej-hero.jpg,https://images.deliveryhero.io/image/fd-bd/Products/9088427.jpg?width=400,https://www.foodpanda.com.bd/restaurant/ccej/delifrance-casablanca
Delifrance - Casablanca,Delifrance Gulshan Avenue,Hot Beverages,Vanilla Latte,379.0,A smooth & creamy latte sweetened with the delicate flavor of vanilla syrup,False,"114 Casablanca (1st floor),  Gulshan Ave, Dhaka 1212",Dhaka,23.7892033,90.4165361,4.9,1167,"Cakes, Fast Food, Beverage",50,07:00,23:59,https://images.deliveryhero.io/image/fd-bd/LH/ccej-hero.jpg,https://images.deliveryhero.io/image/fd-bd/Products/9088428.jpg?width=400,https://www.foodpanda.com.bd/restaurant/ccej/delifrance-casablanca
Delifrance - Casablanca,Delifrance Gulshan Avenue,Hot Beverages,Mocha Latte,379.0,"A perfect blend of rich espresso, steamed milk & decadent chocolate syrup",False,"114 Casablanca (1st floor),  Gulshan Ave, Dhaka 1212",Dhaka,23.7892033,90.4165361,4.9,1167,"Cakes, Fast Food, Beverage",50,07:00,23:59,https://images.deliveryhero.io/image/fd-bd/LH/ccej-hero.jpg,https://images.deliveryhero.io/image/fd-bd/Products/9088429.jpg?width=400,https://www.foodpanda.com.bd/restaurant/ccej/delifrance-casablanca
Delifrance - Casablanca,Delifrance Gulshan Avenue,Hot Beverages,Hazelnut Latte,379.0,"A comforting latte prepared with rich espresso, steamed milk & the nutty flavor of hazelnut",False,"114 Casablanca (1st floor),  Gulshan Ave, Dhaka 1212",Dhaka,23.7892033,90.4165361,4.9,1167,"Cakes, Fast Food, Beverage",50,07:00,23:59,https://images.deliveryhero.io/image/fd-bd/LH/ccej-hero.jpg,https://images.deliveryhero.io/image/fd-bd/Products/9088430.jpg?width=400,https://www.foodpanda.com.bd/restaurant/ccej/delifrance-casablanca
Delifrance - Casablanca,Delifrance Gulshan Avenue,Hot Beverages,Caramel Latte,379.0,"A sweet & creamy latte prepared with rich espresso, steamed milk & a swirl of caramel",False,"114 Casablanca (1st floor),  Gulshan Ave, Dhaka 1212",Dhaka,23.7892033,90.4165361,4.9,1167,"Cakes, Fast Food, Beverage",50,07:00,23:59,https://images.deliveryhero.io/image/fd-bd/LH/ccej-hero.jpg,https://images.deliveryhero.io/image/fd-bd/Products/9088431.jpg?width=400,https://www.foodpanda.com.bd/restaurant/ccej/delifrance-casablanca
Delifrance - Casablanca,Delifrance Gulshan Avenue,Hot Beverages,Cappuccino,399.0,"A classic italian coffee prepared with equal part espresso, steamed milk & a velvety foam",False,"114 Casablanca (1st floor),  Gulshan Ave, Dhaka 1212",Dhaka,23.7892033,90.4165361,4.9,1167,"Cakes, Fast Food, Beverage",50,07:00,23:59,https://images.deliveryhero.io/image/fd-bd/LH/ccej-hero.jpg,https://images.deliveryhero.io/image/fd-bd/Products/9362849.jpg?width=400,https://www.foodpanda.com.bd/restaurant/ccej/delifrance-casablanca
Delifrance - Casablanca,Delifrance Gulshan Avenue,Hot Beverages,Regular Americano,259.0,Regular - A simple & smooth coffee prepared with a shot of rich espresso & hot water,False,"114 Casablanca (1st floor),  Gulshan Ave, Dhaka 1212",Dhaka,23.7892033,90.4165361,4.9,1167,"Cakes, Fast Food, Beverage",50,07:00,23:59,https://images.deliveryhero.io/image/fd-bd/LH/ccej-hero.jpg,https://images.deliveryhero.io/image/fd-bd/Products/9362848.jpg?width=400,https://www.foodpanda.com.bd/restaurant/ccej/delifrance-casablanca
Delifrance - Casablanca,Delifrance Gulshan Avenue,Hot Beverages,Regular Cappuccino,299.0,"Regular - A classic italian coffee prepared with equal part espresso, steamed milk & a velvety foam",False,"114 Casablanca (1st floor),  Gulshan Ave, Dhaka 1212",Dhaka,23.7892033,90.4165361,4.9,1167,"Cakes, Fast Food, Beverage",50,07:00,23:59,https://images.deliveryhero.io/image/fd-bd/LH/ccej-hero.jpg,https://images.deliveryhero.io/image/fd-bd/Products/9088422.jpg?width=400,https://www.foodpanda.com.bd/restaurant/ccej/delifrance-casablanca
Delifrance - Casablanca,Delifrance Gulshan Avenue,Cold Beverages,Cold Brew,319.0,1:1 - A smooth & refreshing coffee brewed slowly with cold water for a bold & less acidic taste,False,"114 Casablanca (1st floor),  Gulshan Ave, Dhaka 1212",Dhaka,23.7892033,90.4165361,4.9,1167,"Cakes, Fast Food, Beverage",50,07:00,23:59,https://images.deliveryhero.io/image/fd-bd/LH/ccej-hero.jpg,https://images.deliveryhero.io/image/fd-bd/Products/9088566.jpg?width=400,https://www.foodpanda.com.bd/restaurant/ccej/delifrance-casablanca
Delifrance - Casablanca,Delifrance Gulshan Avenue,Cold Beverages,Iced Cafe Latte,369.0,A smooth & creamy cold coffee prepared with rich espresso & chilled milk over ice,False,"114 Casablanca (1st floor),  Gulshan Ave, Dhaka 1212",Dhaka,23.7892033,90.4165361,4.9,1167,"Cakes, Fast Food, Beverage",50,07:00,23:59,https://images.deliveryhero.io/image/fd-bd/LH/ccej-hero.jpg,https://images.deliveryhero.io/image/fd-bd/Products/9088438.jpg?width=400,https://www.foodpanda.com.bd/restaurant/ccej/delifrance-casablanca
Delifrance - Casablanca,Delifrance Gulshan Avenue,Cold Beverages,Iced Double Chocolate Latte,409.0,"A decadent cold coffee prepared with espresso, chilled milk & a double shot of chocolate over ice",False,"114 Casablanca (1st floor),  Gulshan Ave, Dhaka 1212",Dhaka,23.7892033,90.4165361,4.9,1167,"Cakes, Fast Food, Beverage",50,07:00,23:59,https://images.deliveryhero.io/image/fd-bd/LH/ccej-hero.jpg,https://images.deliveryhero.io/image/fd-bd/Products/9088439.jpg?width=400,https://www.foodpanda.com.bd/restaurant/ccej/delifrance-casablanca
Delifrance - Casablanca,Delifrance Gulshan Avenue,Cold Beverages,Iced Mocha Latte,429.0,"A delightful blend of rich espresso, chilled milk & chocolate syrup served over ice",False,"114 Casablanca (1st floor),  Gulshan Ave, Dhaka 1212",Dhaka,23.7892033,90.4165361,4.9,1167,"Cakes, Fast Food, Beverage",50,07:00,23:59,https://images.deliveryhero.io/image/fd-bd/LH/ccej-hero.jpg,https://images.deliveryhero.io/image/fd-bd/Products/9088440.jpg?width=400,https://www.foodpanda.com.bd/restaurant/ccej/delifrance-casablanca
Delifrance - Casablanca,Delifrance Gulshan Avenue,Cold Beverages,Iced Hazelnut Latte,429.0,"A refreshing cold coffee prepared with espresso, chilled milk & the nutty flavor of hazelnut",False,"114 Casablanca (1st floor),  Gulshan Ave, Dhaka 1212",Dhaka,23.7892033,90.4165361,4.9,1167,"Cakes, Fast Food, Beverage",50,07:00,23:59,https://images.deliveryhero.io/image/fd-bd/LH/ccej-hero.jpg,https://images.deliveryhero.io/image/fd-bd/Products/9088441.jpg?width=400,https://www.foodpanda.com.bd/restaurant/ccej/delifrance-casablanca
Delifrance - Casablanca,Delifrance Gulshan Avenue,Cold Beverages,Iced Caramel Latte,429.0,"A sweet & creamy cold coffee prepared with espresso, chilled milk & a swirl of caramel",False,"114 Casablanca (1st floor),  Gulshan Ave, Dhaka 1212",Dhaka,23.7892033,90.4165361,4.9,1167,"Cakes, Fast Food, Beverage",50,07:00,23:59,https://images.deliveryhero.io/image/fd-bd/LH/ccej-hero.jpg,https://images.deliveryhero.io/image/fd-bd/Products/9088442.jpg?width=400,https://www.foodpanda.com.bd/restaurant/ccej/delifrance-casablanca
Delifrance - Casablanca,Delifrance Gulshan Avenue,Cold Beverages,Medium Iced Cappuccino,379.0,"Medium - A chilled & frothy coffee prepared with espresso, cold milk & a layer of foam over ice",False,"114 Casablanca (1st floor),  Gulshan Ave, Dhaka 1212",Dhaka,23.7892033,90.4165361,4.9,1167,"Cakes, Fast Food, Beverage",50,07:00,23:59,https://images.deliveryhero.io/image/fd-bd/LH/ccej-hero.jpg,https://images.deliveryhero.io/image/fd-bd/Products/9362858.jpg?width=400,https://www.foodpanda.com.bd/restaurant/ccej/delifrance-casablanca
Delifrance - Casablanca,Delifrance Gulshan Avenue,Cold Beverages,Medium Iced Americano,369.0,Medium - A crisp & refreshing coffee prepared with rich espresso & chilled water over ice,False,"114 Casablanca (1st floor),  Gulshan Ave, Dhaka 1212",Dhaka,23.7892033,90.4165361,4.9,1167,"Cakes, Fast Food, Beverage",50,07:00,23:59,https://images.deliveryhero.io/image/fd-bd/LH/ccej-hero.jpg,https://images.deliveryhero.io/image/fd-bd/Products/9362859.jpg?width=400,https://www.foodpanda.com.bd/restaurant/ccej/delifrance-casablanca
Delifrance - Casablanca,Delifrance Gulshan Avenue,Cold Beverages,Regular Iced Americano,339.0,Regular - A crisp & refreshing coffee prepared with rich espresso & chilled water over ice,False,"114 Casablanca (1st floor),  Gulshan Ave, Dhaka 1212",Dhaka,23.7892033,90.4165361,4.9,1167,"Cakes, Fast Food, Beverage",50,07:00,23:59,https://images.deliveryhero.io/image/fd-bd/LH/ccej-hero.jpg,https://images.deliveryhero.io/image/fd-bd/Products/9088978.jpg?width=400,https://www.foodpanda.com.bd/restaurant/ccej/delifrance-casablanca
Delifrance - Casablanca,Delifrance Gulshan Avenue,Cold Beverages,Regular Iced Cappuccino,359.0,"Regular - A chilled & frothy coffee prepared with espresso, cold milk & a layer of foam over ice",False,"114 Casablanca (1st floor),  Gulshan Ave, Dhaka 1212",Dhaka,23.7892033,90.4165361,4.9,1167,"Cakes, Fast Food, Beverage",50,07:00,23:59,https://images.deliveryhero.io/image/fd-bd/LH/ccej-hero.jpg,https://images.deliveryhero.io/image/fd-bd/Products/9088437.jpg?width=400,https://www.foodpanda.com.bd/restaurant/ccej/delifrance-casablanca
Delifrance - Casablanca,Delifrance Gulshan Avenue,Frappe,Cookies & Cream Frappe,569.0,1:1 - A delicious blended ice beverage with the classic flavor of cookie & cream,False,"114 Casablanca (1st floor),  Gulshan Ave, Dhaka 1212",Dhaka,23.7892033,90.4165361,4.9,1167,"Cakes, Fast Food, Beverage",50,07:00,23:59,https://images.deliveryhero.io/image/fd-bd/LH/ccej-hero.jpg,https://images.deliveryhero.io/image/fd-bd/Products/9088443.jpg?width=400,https://www.foodpanda.com.bd/restaurant/ccej/delifrance-casablanca
Delifrance - Casablanca,Delifrance Gulshan Avenue,Frappe,Malibu Dream Frappe,669.0,1:1 - A tropical & dreamy blended ice beverage with coconut & pineapple flavor,False,"114 Casablanca (1st floor),  Gulshan Ave, Dhaka 1212",Dhaka,23.7892033,90.4165361,4.9,1167,"Cakes, Fast Food, Beverage",50,07:00,23:59,https://images.deliveryhero.io/image/fd-bd/LH/ccej-hero.jpg,https://images.deliveryhero.io/image/fd-bd/Products/9088445.jpg?width=400,https://www.foodpanda.com.bd/restaurant/ccej/delifrance-casablanca
Delifrance - Casablanca,Delifrance Gulshan Avenue,Frappe,Hazelnut Frappe,669.0,1:1 - A nutty & creamy blended ice beverage with the rich flavor of hazelnut,False,"114 Casablanca (1st floor),  Gulshan Ave, Dhaka 1212",Dhaka,23.7892033,90.4165361,4.9,1167,"Cakes, Fast Food, Beverage",50,07:00,23:59,https://images.deliveryhero.io/image/fd-bd/LH/ccej-hero.jpg,https://images.deliveryhero.io/image/fd-bd/Products/9088446.jpg?width=400,https://www.foodpanda.com.bd/restaurant/ccej/delifrance-casablanca
Delifrance - Casablanca,Delifrance Gulshan Avenue,Frappe,Extreme Chocolate Frappe,649.0,"1:1 - An ultimate indulgence for chocolate lover, a rich & creamy blended chocolate frappe",False,"114 Casablanca (1st floor),  Gulshan Ave, Dhaka 1212",Dhaka,23.7892033,90.4165361,4.9,1167,"Cakes, Fast Food, Beverage",50,07:00,23:59,https://images.deliveryhero.io/image/fd-bd/LH/ccej-hero.jpg,https://images.deliveryhero.io/image/fd-bd/Products/9088444.jpg?width=400,https://www.foodpanda.com.bd/restaurant/ccej/delifrance-casablanca
Delifrance - Casablanca,Delifrance Gulshan Avenue,Smoothie,Pineapple Smoothie,419.0,1:1 - A refreshing & tropical smoothie prepared with sweet & juicy pineapple,False,"114 Casablanca (1st floor),  Gulshan Ave, Dhaka 1212",Dhaka,23.7892033,90.4165361,4.9,1167,"Cakes, Fast Food, Beverage",50,07:00,23:59,https://images.deliveryhero.io/image/fd-bd/LH/ccej-hero.jpg,https://images.deliveryhero.io/image/fd-bd/Products/9088447.jpg?width=400,https://www.foodpanda.com.bd/restaurant/ccej/delifrance-casablanca
Delifrance - Casablanca,Delifrance Gulshan Avenue,Smoothie,Passionfruit Smoothie,419.0,1:1 - An exotic & tangy smoothie prepared with the unique flavor of passionfruit,False,"114 Casablanca (1st floor),  Gulshan Ave, Dhaka 1212",Dhaka,23.7892033,90.4165361,4.9,1167,"Cakes, Fast Food, Beverage",50,07:00,23:59,https://images.deliveryhero.io/image/fd-bd/LH/ccej-hero.jpg,https://images.deliveryhero.io/image/fd-bd/Products/9088448.jpg?width=400,https://www.foodpanda.com.bd/restaurant/ccej/delifrance-casablanca
Delifrance - Casablanca,Delifrance Gulshan Avenue,Smoothie,Lychee Smoothie,419.0,1:1 - A sweet & fragrant smoothie prepared with luscious lychee fruit,False,"114 Casablanca (1st floor),  Gulshan Ave, Dhaka 1212",Dhaka,23.7892033,90.4165361,4.9,1167,"Cakes, Fast Food, Beverage",50,07:00,23:59,https://images.deliveryhero.io/image/fd-bd/LH/ccej-hero.jpg,https://images.deliveryhero.io/image/fd-bd/Products/9088449.jpg?width=400,https://www.foodpanda.com.bd/restaurant/ccej/delifrance-casablanca
Delifrance - Casablanca,Delifrance Gulshan Avenue,Smoothie,Mango Smoothie,469.0,"1:1 - A classic & creamy smoothie prepared with ripe, sweet mango",False,"114 Casablanca (1st floor),  Gulshan Ave, Dhaka 1212",Dhaka,23.7892033,90.4165361,4.9,1167,"Cakes, Fast Food, Beverage",50,07:00,23:59,https://images.deliveryhero.io/image/fd-bd/LH/ccej-hero.jpg,https://images.deliveryhero.io/image/fd-bd/Products/9088450.jpg?width=400,https://www.foodpanda.com.bd/restaurant/ccej/delifrance-casablanca
Delifrance - Casablanca,Delifrance Gulshan Avenue,Smoothie,Strawberry Smoothie,469.0,1:1 - A sweet & fruity smoothie prepared with fresh strawberry & yogurt,False,"114 Casablanca (1st floor),  Gulshan Ave, Dhaka 1212",Dhaka,23.7892033,90.4165361,4.9,1167,"Cakes, Fast Food, Beverage",50,07:00,23:59,https://images.deliveryhero.io/image/fd-bd/LH/ccej-hero.jpg,https://images.deliveryhero.io/image/fd-bd/Products/9088451.jpg?width=400,https://www.foodpanda.com.bd/restaurant/ccej/delifrance-casablanca
Delifrance - Casablanca,Delifrance Gulshan Avenue,Refreshers,Peach Lemonade,499.0,1:1 - A sweet & refreshing lemonade infused with the delicate flavor of peach,False,"114 Casablanca (1st floor),  Gulshan Ave, Dhaka 1212",Dhaka,23.7892033,90.4165361,4.9,1167,"Cakes, Fast Food, Beverage",50,07:00,23:59,https://images.deliveryhero.io/image/fd-bd/LH/ccej-hero.jpg,https://images.deliveryhero.io/image/fd-bd/Products/9088464.jpg?width=400,https://www.foodpanda.com.bd/restaurant/ccej/delifrance-casablanca
Delifrance - Casablanca,Delifrance Gulshan Avenue,Refreshers,Lemonade,299.0,"1:1 - A classic & refreshing drink prepared with fresh lemon juice, water & a touch of sweetness",False,"114 Casablanca (1st floor),  Gulshan Ave, Dhaka 1212",Dhaka,23.7892033,90.4165361,4.9,1167,"Cakes, Fast Food, Beverage",50,07:00,23:59,https://images.deliveryhero.io/image/fd-bd/LH/ccej-hero.jpg,https://images.deliveryhero.io/image/fd-bd/Products/9088452.jpg?width=400,https://www.foodpanda.com.bd/restaurant/ccej/delifrance-casablanca
Delifrance - Casablanca,Delifrance Gulshan Avenue,Refreshers,Virgin Mojito,299.0,"1:1 - A zesty & minty mocktail prepared with muddled mint leaf, lime juice & soda water",False,"114 Casablanca (1st floor),  Gulshan Ave, Dhaka 1212",Dhaka,23.7892033,90.4165361,4.9,1167,"Cakes, Fast Food, Beverage",50,07:00,23:59,https://images.deliveryhero.io/image/fd-bd/LH/ccej-hero.jpg,https://images.deliveryhero.io/image/fd-bd/Products/9088453.jpg?width=400,https://www.foodpanda.com.bd/restaurant/ccej/delifrance-casablanca
Delifrance - Casablanca,Delifrance Gulshan Avenue,Refreshers,Strawberry Mojito,319.0,"1:1 - A sweet & tangy mojito prepared with fresh strawberry, mint leaf & lime",False,"114 Casablanca (1st floor),  Gulshan Ave, Dhaka 1212",Dhaka,23.7892033,90.4165361,4.9,1167,"Cakes, Fast Food, Beverage",50,07:00,23:59,https://images.deliveryhero.io/image/fd-bd/LH/ccej-hero.jpg,https://images.deliveryhero.io/image/fd-bd/Products/9088454.jpg?width=400,https://www.foodpanda.com.bd/restaurant/ccej/delifrance-casablanca
Delifrance - Casablanca,Delifrance Gulshan Avenue,Refreshers,Iced Tea,379.0,"1:1 - A classic brewed tea, chilled & served over ice for a refreshing experience",False,"114 Casablanca (1st floor),  Gulshan Ave, Dhaka 1212",Dhaka,23.7892033,90.4165361,4.9,1167,"Cakes, Fast Food, Beverage",50,07:00,23:59,https://images.deliveryhero.io/image/fd-bd/LH/ccej-hero.jpg,https://images.deliveryhero.io/image/fd-bd/Products/9088455.jpg?width=400,https://www.foodpanda.com.bd/restaurant/ccej/delifrance-casablanca
Delifrance - Casablanca,Delifrance Gulshan Avenue,Refreshers,ABCDF Juice,419.0,"1:1 - A healthy & delicious juice blend of apple, banana & carrot",False,"114 Casablanca (1st floor),  Gulshan Ave, Dhaka 1212",Dhaka,23.7892033,90.4165361,4.9,1167,"Cakes, Fast Food, Beverage",50,07:00,23:59,https://images.deliveryhero.io/image/fd-bd/LH/ccej-hero.jpg,https://images.deliveryhero.io/image/fd-bd/Products/9088456.jpg?width=400,https://www.foodpanda.com.bd/restaurant/ccej/delifrance-casablanca
Delifrance - Casablanca,Delifrance Gulshan Avenue,Refreshers,Cucumber Mint Juice,419.0,1:1 - A cool & hydrating drink prepared with fresh cucumber & mint,False,"114 Casablanca (1st floor),  Gulshan Ave, Dhaka 1212",Dhaka,23.7892033,90.4165361,4.9,1167,"Cakes, Fast Food, Beverage",50,07:00,23:59,https://images.deliveryhero.io/image/fd-bd/LH/ccej-hero.jpg,,https://www.foodpanda.com.bd/restaurant/ccej/delifrance-casablanca
Delifrance - Casablanca,Delifrance Gulshan Avenue,Refreshers,Mango Passion Juice,419.0,"1:1 - A tropical & exotic drink combining with soda water, sweet flavor of mango & tangy passionfruit",False,"114 Casablanca (1st floor),  Gulshan Ave, Dhaka 1212",Dhaka,23.7892033,90.4165361,4.9,1167,"Cakes, Fast Food, Beverage",50,07:00,23:59,https://images.deliveryhero.io/image/fd-bd/LH/ccej-hero.jpg,https://images.deliveryhero.io/image/fd-bd/Products/9088458.jpg?width=400,https://www.foodpanda.com.bd/restaurant/ccej/delifrance-casablanca
Delifrance - Casablanca,Delifrance Gulshan Avenue,Refreshers,Ginger Ale,419.0,"1:1 - A zesty & spicy drink prepared with soda water, fresh ginger & a touch of sweetness",False,"114 Casablanca (1st floor),  Gulshan Ave, Dhaka 1212",Dhaka,23.7892033,90.4165361,4.9,1167,"Cakes, Fast Food, Beverage",50,07:00,23:59,https://images.deliveryhero.io/image/fd-bd/LH/ccej-hero.jpg,https://images.deliveryhero.io/image/fd-bd/Products/9088459.jpg?width=400,https://www.foodpanda.com.bd/restaurant/ccej/delifrance-casablanca
Delifrance - Casablanca,Delifrance Gulshan Avenue,Refreshers,Pineapple Punch,469.0,"1:1 - A fruity & refreshing punch prepared with soda water, sweet pineapple juice & a mix of other fruit",False,"114 Casablanca (1st floor),  Gulshan Ave, Dhaka 1212",Dhaka,23.7892033,90.4165361,4.9,1167,"Cakes, Fast Food, Beverage",50,07:00,23:59,https://images.deliveryhero.io/image/fd-bd/LH/ccej-hero.jpg,https://images.deliveryhero.io/image/fd-bd/Products/9088460.jpg?width=400,https://www.foodpanda.com.bd/restaurant/ccej/delifrance-casablanca
Delifrance - Casablanca,Delifrance Gulshan Avenue,Refreshers,Apple Iced Tea,469.0,1:1 - A crisp & refreshing iced tea with the sweet flavor of apple,False,"114 Casablanca (1st floor),  Gulshan Ave, Dhaka 1212",Dhaka,23.7892033,90.4165361,4.9,1167,"Cakes, Fast Food, Beverage",50,07:00,23:59,https://images.deliveryhero.io/image/fd-bd/LH/ccej-hero.jpg,https://images.deliveryhero.io/image/fd-bd/Products/9088461.jpg?width=400,https://www.foodpanda.com.bd/restaurant/ccej/delifrance-casablanca
Delifrance - Casablanca,Delifrance Gulshan Avenue,Refreshers,Peach Iced Tea,469.0,1:1 - A sweet & fragrant iced tea with the delicate flavor of peach,False,"114 Casablanca (1st floor),  Gulshan Ave, Dhaka 1212",Dhaka,23.7892033,90.4165361,4.9,1167,"Cakes, Fast Food, Beverage",50,07:00,23:59,https://images.deliveryhero.io/image/fd-bd/LH/ccej-hero.jpg,https://images.deliveryhero.io/image/fd-bd/Products/9088462.jpg?width=400,https://www.foodpanda.com.bd/restaurant/ccej/delifrance-casablanca
Delifrance - Casablanca,Delifrance Gulshan Avenue,Refreshers,Apple Lemonade,499.0,"1:1 - A delightful twist on lemonade, combining the sweetness of apple with the tang of lemon",False,"114 Casablanca (1st floor),  Gulshan Ave, Dhaka 1212",Dhaka,23.7892033,90.4165361,4.9,1167,"Cakes, Fast Food, Beverage",50,07:00,23:59,https://images.deliveryhero.io/image/fd-bd/LH/ccej-hero.jpg,https://images.deliveryhero.io/image/fd-bd/Products/9088463.jpg?width=400,https://www.foodpanda.com.bd/restaurant/ccej/delifrance-casablanca
Delifrance - Casablanca,Delifrance Gulshan Avenue,Refreshers,Apple Mojito,499.0,"1:1 - A crisp & refreshing mojito prepared with fresh apple, mint & lime",False,"114 Casablanca (1st floor),  Gulshan Ave, Dhaka 1212",Dhaka,23.7892033,90.4165361,4.9,1167,"Cakes, Fast Food, Beverage",50,07:00,23:59,https://images.deliveryhero.io/image/fd-bd/LH/ccej-hero.jpg,https://images.deliveryhero.io/image/fd-bd/Products/9088465.jpg?width=400,https://www.foodpanda.com.bd/restaurant/ccej/delifrance-casablanca
Delifrance - Casablanca,Delifrance Gulshan Avenue,Refreshers,Peach Apple Fizz,499.0,1:1 - A bubbly & fruity drink with the combined flavor of peach & apple,False,"114 Casablanca (1st floor),  Gulshan Ave, Dhaka 1212",Dhaka,23.7892033,90.4165361,4.9,1167,"Cakes, Fast Food, Beverage",50,07:00,23:59,https://images.deliveryhero.io/image/fd-bd/LH/ccej-hero.jpg,https://images.deliveryhero.io/image/fd-bd/Products/9088466.jpg?width=400,https://www.foodpanda.com.bd/restaurant/ccej/delifrance-casablanca
Delifrance - Casablanca,Delifrance Gulshan Avenue,Refreshers,Tropical Punch,519.0,1:1 - A vibrant & exotic punch with a medley of tropical fruit flavor & soda,False,"114 Casablanca (1st floor),  Gulshan Ave, Dhaka 1212",Dhaka,23.7892033,90.4165361,4.9,1167,"Cakes, Fast Food, Beverage",50,07:00,23:59,https://images.deliveryhero.io/image/fd-bd/LH/ccej-hero.jpg,https://images.deliveryhero.io/image/fd-bd/Products/9088467.jpg?width=400,https://www.foodpanda.com.bd/restaurant/ccej/delifrance-casablanca
Delifrance - Casablanca,Delifrance Gulshan Avenue,Refreshers,Lychee Sunrise,619.0,"1:1 - A beautiful & delicious drink with the sweet, floral taste of lychee",False,"114 Casablanca (1st floor),  Gulshan Ave, Dhaka 1212",Dhaka,23.7892033,90.4165361,4.9,1167,"Cakes, Fast Food, Beverage",50,07:00,23:59,https://images.deliveryhero.io/image/fd-bd/LH/ccej-hero.jpg,https://images.deliveryhero.io/image/fd-bd/Products/9088468.jpg?width=400,https://www.foodpanda.com.bd/restaurant/ccej/delifrance-casablanca
Delifrance - Casablanca,Delifrance Gulshan Avenue,Juice,Pineapple Juice,359.0,"1:1 - A tropical & refreshing juice prepared from fresh, sweet pineapple",False,"114 Casablanca (1st floor),  Gulshan Ave, Dhaka 1212",Dhaka,23.7892033,90.4165361,4.9,1167,"Cakes, Fast Food, Beverage",50,07:00,23:59,https://images.deliveryhero.io/image/fd-bd/LH/ccej-hero.jpg,https://images.deliveryhero.io/image/fd-bd/Products/9088469.jpg?width=400,https://www.foodpanda.com.bd/restaurant/ccej/delifrance-casablanca
Delifrance - Casablanca,Delifrance Gulshan Avenue,Juice,Watermelon Juice,419.0,"1:1 - A hydrating & refreshing juice prepared with fresh, ripe watermelon",False,"114 Casablanca (1st floor),  Gulshan Ave, Dhaka 1212",Dhaka,23.7892033,90.4165361,4.9,1167,"Cakes, Fast Food, Beverage",50,07:00,23:59,https://images.deliveryhero.io/image/fd-bd/LH/ccej-hero.jpg,https://images.deliveryhero.io/image/fd-bd/Products/9088470.jpg?width=400,https://www.foodpanda.com.bd/restaurant/ccej/delifrance-casablanca
Delifrance - Casablanca,Delifrance Gulshan Avenue,Juice,Orange Juice,519.0,1:1 - Classic & tangy juice prepared from freshly squeezed orange,False,"114 Casablanca (1st floor),  Gulshan Ave, Dhaka 1212",Dhaka,23.7892033,90.4165361,4.9,1167,"Cakes, Fast Food, Beverage",50,07:00,23:59,https://images.deliveryhero.io/image/fd-bd/LH/ccej-hero.jpg,https://images.deliveryhero.io/image/fd-bd/Products/9088471.jpg?width=400,https://www.foodpanda.com.bd/restaurant/ccej/delifrance-casablanca
Delifrance - Casablanca,Delifrance Gulshan Avenue,Cookies,Choco Chip Cookie - 1 pc,149.0,"1 pc - A classic cookie with a soft & chewy center, loaded with chocolate chip",False,"114 Casablanca (1st floor),  Gulshan Ave, Dhaka 1212",Dhaka,23.7892033,90.4165361,4.9,1167,"Cakes, Fast Food, Beverage",50,07:00,23:59,https://images.deliveryhero.io/image/fd-bd/LH/ccej-hero.jpg,https://images.deliveryhero.io/image/fd-bd/Products/9088546.jpg?width=400,https://www.foodpanda.com.bd/restaurant/ccej/delifrance-casablanca
Delifrance - Casablanca,Delifrance Gulshan Avenue,Cookies,Oatmeal Raisin Cookie - 1 pc,169.0,"1 pc - A wholesome & chewy cookie prepared with oatmeal, sweet raisin & a hint of cinnamon",False,"114 Casablanca (1st floor),  Gulshan Ave, Dhaka 1212",Dhaka,23.7892033,90.4165361,4.9,1167,"Cakes, Fast Food, Beverage",50,07:00,23:59,https://images.deliveryhero.io/image/fd-bd/LH/ccej-hero.jpg,https://images.deliveryhero.io/image/fd-bd/Products/9088547.jpg?width=400,https://www.foodpanda.com.bd/restaurant/ccej/delifrance-casablanca
Delifrance - Casablanca,Delifrance Gulshan Avenue,Bread,White Bread - 300 gm,109.0,300 gm - A classic sliced white bread made with butter and wheat flour				,False,"114 Casablanca (1st floor),  Gulshan Ave, Dhaka 1212",Dhaka,23.7892033,90.4165361,4.9,1167,"Cakes, Fast Food, Beverage",50,07:00,23:59,https://images.deliveryhero.io/image/fd-bd/LH/ccej-hero.jpg,,https://www.foodpanda.com.bd/restaurant/ccej/delifrance-casablanca
Delifrance - Casablanca,Delifrance Gulshan Avenue,Bread,Milky Bread - 300 gm,149.0,"300 gm - A softer and lighter sliced white bread made with milk, butter and wheat flour				",False,"114 Casablanca (1st floor),  Gulshan Ave, Dhaka 1212",Dhaka,23.7892033,90.4165361,4.9,1167,"Cakes, Fast Food, Beverage",50,07:00,23:59,https://images.deliveryhero.io/image/fd-bd/LH/ccej-hero.jpg,,https://www.foodpanda.com.bd/restaurant/ccej/delifrance-casablanca
Delifrance - Casablanca,Delifrance Gulshan Avenue,Bread,Burger Bun - 4 pcs,139.0,"4 pcs - A soft fluffy bun made with wheat flour, butter. Topped with sesame seeds				",False,"114 Casablanca (1st floor),  Gulshan Ave, Dhaka 1212",Dhaka,23.7892033,90.4165361,4.9,1167,"Cakes, Fast Food, Beverage",50,07:00,23:59,https://images.deliveryhero.io/image/fd-bd/LH/ccej-hero.jpg,,https://www.foodpanda.com.bd/restaurant/ccej/delifrance-casablanca
